static const char kernel_config_data[] __used = MAGIC_START
	"\x1f\x8b\x08\x00\x00\x00\x00\x00\x02\x03\x94\x3c\xdb\x72\xe3\x36"
	"\xb2\xef\xf9\x0a\xd5\x64\x1f\xce\xa9\xda\x64\x24\x4b\x63\x7b\xea"
	"\x94\x1e\x40\x12\x94\xb0\x22\x09\x1a\x00\x75\xf1\x0b\x4b\x63\x6b"
	"\x26\xae\xf8\x32\x2b\xcb\xb3\x99\xbf\x3f\xdd\x00\x2f\x00\x09\xca"
	"\xd9\x54\x2a\x31\xbb\x1b\xf7\xbe\xa3\xa1\x5f\x7f\xf9\x75\x44\xde"
	"\x4e\x2f\x4f\xfb\xd3\xc3\xdd\xfe\xf1\xf1\xe7\xe8\xdb\xe1\xf9\x70"
	"\xdc\x9f\x0e\xf7\xa3\xaf\x0f\x8f\x87\xff\x1b\x45\x7c\x94\x71\x35"
	"\xa2\x11\x53\xbf\x03\x71\xf2\xf0\xfc\xf6\xd7\xc7\xfd\xf1\xe9\x72"
	"\x36\x9a\xfd\x3e\x81\x7f\xaf\x2f\x47\xab\xc3\xf1\xf9\xf0\x38\x0a"
	"\x5f\x9e\xbf\x3e\x7c\x7b\x83\xd6\x0f\x2f\xcf\xbf\xfc\xfa\x4b\xc8"
	"\xb3\x98\x2d\x4a\x22\xd2\xcb\xd9\xfc\x67\xfd\x79\x39\x0b\x98\x6a"
	"\x3f\x89\x08\x97\x65\xbe\xdc\xc9\x92\x44\x91\x28\x55\x17\x9f\xa6"
	"\x85\x4d\x0c\x5d\x95\x39\x59\xd0\x52\x2e\x59\xac\xe6\x93\x0b\x17"
	"\x05\x1f\xaa\x42\xcd\x9c\x11\xd2\x94\xe4\xa5\xc8\xa2\x12\x3a\x97"
	"\x65\xca\xb2\xf9\xe4\xfa\x1c\x01\xd9\xce\x2f\x06\x7a\x08\x79\x9a"
	"\x13\x65\x75\x34\xf9\x1b\x74\xd0\xdf\xe4\xb2\xa6\xcb\x78\xc9\x78"
	"\xce\x85\x02\x78\xde\xae\x4e\x2a\x12\xae\x94\x20\x21\xac\xae\xc8"
	"\x11\xdf\xe2\x58\x92\xd0\x05\x49\xca\x9c\xb3\x4c\x51\x51\xae\x49"
	"\x52\xd0\xf9\xf8\xaf\xfb\xc3\xfe\x7e\x6c\xfd\x53\xd3\x27\x3c\x5c"
	"\x45\x34\xef\x77\x64\xfa\x67\xe2\x26\x4e\xc8\x42\xf6\xf1\x62\x23"
	"\x69\x5a\x6e\xc3\xe5\x02\xce\xa3\x24\xc9\x82\x0b\xa6\x96\x69\x4b"
	"\xb0\xa0\x19\x15\x2c\x2c\x83\x62\xe1\x05\x96\x82\x26\x44\xb1\x35"
	"\xad\xe7\x2a\xfb\x64\xcb\x0d\x65\x8b\xa5\xea\x23\x42\x59\x78\x86"
	"\x0a\x49\xc2\x02\x41\x14\x2d\x23\xe8\x7b\xd7\x12\xdc\xf2\x0c\x60"
	"\x29\x69\x21\x4b\x02\x03\xd7\xed\x16\x45\xde\x61\x34\xa0\x1d\xe0"
	"\xb3\x8c\xd2\x48\xa3\xf1\xf8\xe0\x24\x14\xed\xe0\xe4\x42\xa3\x13"
	"\x9a\x2d\xd4\xd2\x3a\xb4\xd4\x3e\xc1\x0d\xe3\x2a\x09\xac\x63\xe3"
	"\xc0\xbf\xe5\x92\x26\x39\x15\x2d\x74\x45\x45\x46\x93\x32\xe5\x11"
	"\x85\xbe\x79\xd6\x62\x62\xb6\x2d\x29\x11\xc9\x0e\xbe\xcb\x94\x5a"
	"\x7b\x91\x2f\x14\x09\x12\x0a\xe3\xaf\x69\x22\xe7\x53\x67\x59\xd5"
	"\x29\xca\xb2\xc8\x05\x0f\xa8\xec\x8a\x97\xe0\x61\xb9\x0a\xb9\xa0"
	"\xa5\xa2\x5b\x6b\xd1\x11\x8d\x6b\x7e\x61\x52\xcd\x3f\x7c\x7c\x7c"
	"\xf8\xf2\xf1\xe9\xe5\xfe\xed\xf1\xf0\xfa\xf1\x1f\x45\x46\x52\x8a"
	"\xc7\x49\x89\xa4\x1f\x7f\xbf\xd3\xe2\xfd\x01\x94\x40\xcd\x4a\x9c"
	"\x27\x0d\x07\x21\x9d\x18\x3d\xbc\x8e\x9e\x5f\x4e\xa3\xd7\xc3\xa9"
	"\xd9\x01\x71\x53\x6e\xb8\x58\xb5\x83\x06\x05\x4b\x22\xc5\xa0\x6b"
	"\x98\x8b\x5e\x93\x74\x39\x74\x29\x28\x89\x4a\x96\xc5\x20\x26\x59"
	"\xa9\x88\xc4\xc6\xa0\x4f\x7e\x1d\x2d\xb4\x72\x7a\xc4\xfe\xdf\xbe"
	"\xb7\x1a\x86\x65\x4c\x95\x34\x5b\xc3\x6a\x71\x25\x29\x9c\xeb\xb4"
	"\x51\x0c\xa1\xe0\x52\x6a\x61\x64\x09\x9d\x7f\xd8\xef\x8f\x77\x7f"
	"\x5c\xce\x7e\x7b\x44\x45\xf6\xdb\xfe\xf9\xfe\xf8\xf2\x70\xff\x9b"
	"\xb5\xaa\x8a\x12\x76\x4a\x2a\xcf\x7a\x40\xb0\x48\xb2\x06\xae\x66"
	"\x70\x6e\x1f\x3e\xf8\xc0\x25\x29\x14\x77\x36\x99\x14\x89\x2a\x97"
	"\x5c\x2a\xdc\xd1\xf9\x87\xff\x79\x7e\x79\x3e\xfc\xef\x87\x96\x6b"
	"\x1c\x2d\xb0\x93\x6b\x96\x87\x3d\x00\xfe\x3f\x54\x89\xc5\x11\x5c"
	"\x02\xb7\xa4\x37\x05\x2d\xa8\x1f\xda\x6b\x62\xf6\x02\xf8\x8a\x8b"
	"\x5d\x49\x14\xe8\x1b\x8b\x93\xe3\x25\xc9\xa2\x04\xbb\x6a\xf6\xa2"
	"\x90\x14\x24\xcf\xb3\x0b\xa4\x88\x6c\xe1\xd1\x52\xa7\x59\x4d\x23"
	"\x70\x58\x92\x58\xe3\x9e\x81\x96\x1b\xa2\xec\x59\x18\xa0\x12\x94"
	"\xd6\x87\x0e\x1c\x34\x7a\x7d\xfb\xf2\xfa\xf3\xf5\x74\x78\x6a\x0f"
	"\xbd\x16\x72\x64\x30\xcd\xf5\x7d\xbd\x81\x28\xb9\xe4\x9b\x61\x8c"
	"\x11\x27\x3f\x9e\xc6\x31\x0d\xb5\x22\x23\x71\x0c\x6a\x41\xae\xfc"
	"\x74\x29\x5b\x80\x6e\x62\xb6\x18\x2f\x89\x88\x00\x05\xc2\xb1\x01"
	"\xb9\x90\x34\x8b\x2c\x95\x00\x4d\x22\x9e\x12\x96\xf9\x60\xe5\x92"
	"\x51\x81\x3b\xb9\xb3\x7b\xc3\x73\xa9\x09\x80\xd6\x6d\x18\x73\x11"
	"\x82\x7e\x32\x62\xc3\x32\x4b\x2b\xcb\x9c\x08\x49\xdd\x16\xfa\x94"
	"\x42\x34\x0f\x92\x17\xd0\xb0\x8c\x88\x22\xfd\x85\x69\xf9\x5c\xf7"
	"\x8e\xac\xd1\xc8\xd8\x01\x6c\x5d\xa6\xba\xba\x66\x49\x24\x34\x0e"
	"\x57\x65\x20\x38\x89\x42\x22\xd5\xd9\xd6\x0e\x99\x3e\x6e\xf5\xf0"
	"\x74\x38\xbe\xfa\x4e\x5c\x77\x0b\x1a\x1f\x0e\xce\x56\xdc\xbc\x5c"
	"\xde\xa2\xd4\xa6\xfa\x04\x1a\xde\x05\x20\x28\x5d\xc6\x23\x16\x7a"
	"\x18\xd8\xb4\x62\x1d\x7e\x37\xd0\xb8\x48\x92\xa1\x26\xd6\xa9\x80"
	"\x05\xc3\xc3\xd5\x5b\xa5\x8d\x9c\x9e\x7e\x98\x17\x1f\xd5\xfe\xf5"
	"\xcf\xd1\x09\xd6\x31\x02\xfd\x32\x7a\x3d\xed\x4f\xaf\xa3\xfd\xdd"
	"\xdd\xcb\xdb\xf3\xe9\xe1\xf9\x5b\x67\x41\xd0\xa0\x24\x61\xc8\x8b"
	"\x4c\x99\xc3\x6b\x66\xb3\x66\xa0\x56\x5d\x34\x6e\xa1\x3d\xb5\x86"
	"\x16\x19\x41\x9f\x59\x4b\xeb\xa5\x93\xe1\x12\x78\x65\x43\x12\xe5"
	"\x45\x07\x32\xd2\xd6\x82\x82\x9a\x80\x9e\x7c\x0a\x10\xf5\x31\xda"
	"\x47\x69\x4f\x15\x81\xc6\x38\x9f\x6b\x56\x6e\x11\x69\x69\x7a\x84"
	"\x31\xee\x2e\xbf\xd6\x63\x92\xd9\x03\xc0\x67\xa3\x48\x23\x26\xd1"
	"\x6c\x44\xf6\x28\x7a\xef\x45\x58\x8c\x64\x9f\x6f\x72\x50\x26\x69"
	"\x0e\x16\x2a\x2c\xec\x2e\xe1\x13\x2c\x10\xf0\x88\x6f\xba\xd2\x10"
	"\x37\x4e\x13\xa5\x5d\x10\x6e\x43\xe9\x80\xb0\x43\xd8\x99\x24\x69"
	"\xb9\xd1\xc2\x18\x27\x82\x2e\xc2\x40\xdb\x5a\xd7\x1c\x82\x97\x98"
	"\x5d\x58\x3a\x9f\xad\xcc\x1f\x7d\x88\x3e\x1e\x1b\xbc\x04\xa9\x77"
	"\x9c\xac\x84\x63\xa7\x71\xed\x21\x7f\xb6\xe1\xc8\x4d\xe0\x8b\xda"
	"\xf8\x8b\x76\x9b\xc0\x5d\x5b\x95\x92\xc4\xb4\xdb\xc7\xb4\x2b\xc1"
	"\x86\x8d\xb4\x1c\xd7\x8c\x2f\xef\xfe\x38\xa0\xe3\x70\x1c\x7d\x3d"
	"\xec\x4f\x6f\xc7\xc3\x6b\x7b\x02\x45\x98\x90\x34\xaf\x4d\xb9\x0b"
	"\x5c\x08\x5e\xe4\x68\xa0\x81\x03\x2c\xb3\x5d\x61\xd1\x1b\xe3\x79"
	"\x6e\x8b\x7b\x96\xb0\x0c\x7c\xa4\x32\x16\xf4\xa6\x34\xe6\x4d\x4f"
	"\x20\x26\x4c\xe8\x59\xe8\x49\x9c\xde\x9e\xf7\x5f\x1e\xf5\x24\x5a"
	"\x26\xa2\xc0\x3d\x85\x62\x09\x68\xa9\x24\x4e\x18\x2c\x74\x7a\xe1"
	"\x39\x7c\x0f\xdd\xe4\xd2\xe1\xc6\x3e\xc1\xb5\xcf\x4a\x3a\xbe\x59"
	"\x56\x80\xfb\x18\x90\x84\x64\xa1\xc3\xe9\xa1\xd9\x01\x8b\xf5\x31"
	"\xbe\xd1\xfb\x61\x3b\x8d\x60\xb5\xc3\x45\xe7\xb3\xe3\x3a\xb4\x30"
	"\xf0\x86\xb4\x88\x74\x71\xda\x56\xa0\x59\x2f\xd7\xa9\x26\xcc\x61"
	"\x2f\xa5\x35\x76\x90\xac\xaa\x09\xd9\xeb\x8d\x28\x3a\xf6\x2d\xce"
	"\xb3\x56\x83\x28\x37\x10\x2d\xd0\x80\x84\xab\xee\xfa\x0c\xcb\x58"
	"\xde\x06\x9c\x56\xe9\x62\x5a\x17\x2c\x06\xbb\x00\x46\x6f\xc3\x22"
	"\xb5\xf4\x8c\x05\x6a\xd1\xdb\xa7\xc5\x66\x65\x6f\x0d\xd5\x34\x72"
	"\x16\x49\xaf\xea\xab\xf0\x02\x9c\xfc\xe1\xe5\x01\xcf\xd1\x5b\xfb"
	"\x54\x40\xa0\x24\xb5\x8d\xa0\xf6\xb5\x61\x90\x0a\xd3\xdb\x86\x88"
	"\xae\x59\x48\x7b\x60\xa0\x76\x75\x63\x3d\x5d\x2a\xe2\x1e\x30\xc8"
	"\x63\xcf\xca\xf4\x21\xf9\x54\x19\x0f\x57\x0d\x8d\x63\xec\x61\xf7"
	"\xc2\x95\x8e\xd2\xd0\x90\x29\x88\x0f\x2c\x39\x03\x4f\x15\xfc\x87"
	"\xd0\x0e\x26\x0a\xe4\x62\xeb\x1b\xbd\x52\xfb\x1b\x16\x2c\x1c\x00"
	"\xee\x83\xfd\x9d\x51\x65\xbe\x3b\xf6\x08\x1d\xe6\x21\xc6\x32\x14"
	"\xaa\xc8\x68\xdf\xa5\x46\x46\x46\x8d\xb4\x00\xb3\xb3\x21\xc2\xb1"
	"\xe5\xe0\xbb\x00\x1b\x41\x0c\x2c\x68\x08\xd1\x5c\xe4\x3d\x74\x8c"
	"\x55\x77\x9e\x41\x91\xd5\xe1\xa4\x74\x64\x21\x6c\xe7\x0d\xbf\x49"
	"\x0a\x1d\x1b\xef\xc9\x8a\x00\x44\x54\x2e\x6e\x99\xc3\x72\x00\x0a"
	"\x00\x74\xe1\x1f\x3a\x2a\x93\x5b\x97\xd7\x6c\xdc\xf6\x76\xb8\x15"
	"\x1f\x46\xcd\x7c\xbc\x1b\x82\x0a\x05\xe7\x80\xdd\x52\x54\x00\x9a"
	"\xa7\xb8\x48\x41\x0f\x39\x1b\xd6\x25\x93\xf0\x87\xef\x3c\x3a\x31"
	"\x85\xf6\xfd\x0b\x16\x69\x0d\xe9\xd0\x80\x75\x0d\x69\x8e\x9e\xb1"
	"\xc9\x3a\x58\x5a\x26\xb7\x98\xda\xd8\x60\x8b\x8b\xdc\xbe\x52\x38"
	"\x68\x86\x9c\xe5\x1c\xee\x82\x2a\xf4\xc8\xcb\xca\x43\xf5\xcf\x13"
	"\x8f\xa9\xeb\xc1\x56\x53\xeb\xc1\x4d\xdc\xd4\xf8\x72\x75\xa4\x0e"
	"\x34\x72\x97\x7a\x20\xa5\x69\xdd\xcc\xa8\x85\x07\x92\x27\x85\xa2"
	"\xb8\xcd\x20\xd5\xde\xa3\x6a\x88\x03\x88\xac\x9b\x84\x89\xcf\x12"
	"\x69\x9b\x6c\x3b\x0b\x96\x09\xa0\x49\x5c\x86\x8e\xd0\xea\xee\xd0"
	"\x7d\xb5\xf4\x2c\x4c\x65\xdb\xf9\x04\xb9\xb4\x7a\xc9\xb9\xb3\x3f"
	"\x6c\x91\x81\x4d\xb3\x78\x5e\xef\x89\x0d\xd0\x9e\xbb\x0d\x80\xe3"
	"\xec\x6f\x28\x02\xff\x05\xa1\x1c\x49\x36\x64\x27\x4b\xdb\x1d\x92"
	"\x4b\x27\xb5\x41\x98\x15\x2d\x93\x68\xcd\x24\xad\xbb\x93\x9d\x68"
	"\x54\x68\xb9\x8f\x23\xcf\x56\x41\x97\x01\x11\x82\xd9\xda\x19\x40"
	"\x34\x8a\x6c\x13\xa1\xb9\x15\x05\xa0\x6c\xa2\x97\xd6\xaa\x87\x93"
	"\xf1\xac\xe7\x54\x56\xc9\xcd\xfc\x70\xfc\xfa\x72\x7c\xda\x3f\xdf"
	"\x1d\x46\xf4\xc7\xe1\x19\x5c\x7a\x02\xce\x7d\x88\x4e\x3d\xc4\x2b"
	"\x96\xb7\xe9\xef\xdc\x98\x50\x8d\x34\xe6\x17\x56\xc7\x7d\x91\x09"
	"\x18\x66\xdd\xba\xf6\x00\x2c\xde\x93\x49\x11\x98\x8e\x1c\x59\x40"
	"\x68\x65\xfa\x35\xcf\xf3\xcc\xa7\x04\xaa\x6c\xa4\xce\xc4\x58\x6d"
	"\x89\x2f\xbc\xc7\x2e\x5d\x32\xee\x27\x23\x38\xb2\x58\xd0\x5a\x23"
	"\x77\xfb\xd6\x06\x13\xfd\xdd\x52\x80\x3d\xe7\xa9\x3f\x26\x71\x08"
	"\x31\x76\x06\x9d\x1e\x0d\x4c\x4b\xbb\xb0\x10\xd7\x2a\x46\x5c\xa9"
	"\x56\x34\xd5\xe6\xad\x5c\x83\x87\x1a\xb3\xb0\x13\x92\x83\x5d\x8e"
	"\x59\xe2\x38\x5e\x5a\x29\x69\xf3\x67\xcb\x77\x93\x41\x6b\xe6\xf7"
	"\xaf\x02\x9c\x0a\x98\x23\xf5\xa9\x99\xa2\x4f\xaf\x79\x4c\xa7\x17"
	"\x81\xf9\x41\x9c\xd0\xc0\x85\x18\x52\x79\x9a\x6b\x5a\x1a\xc3\x7c"
	"\x19\x9e\x79\x91\xb9\x2d\xac\x79\x09\xaa\xba\xc9\x3d\xdd\x78\xe5"
	"\x87\x0e\x91\x6b\x9f\x54\xaf\x7c\xc9\xf9\xaa\x83\xc4\x04\x27\xa6"
	"\xd0\xd9\xa2\xe0\x85\x27\x6f\x2b\x61\x23\x30\x66\xae\x92\x0d\x9e"
	"\x7c\x08\x22\x51\xa1\x40\xa4\xa3\x7a\xd9\x57\xcc\x0d\x80\x65\x51"
	"\x2c\xde\xd5\xf6\xb3\x4f\x00\x0d\xab\x0c\x55\x67\x72\x82\x2e\x40"
	"\xbb\x66\x91\xc9\x93\x57\x1b\x54\x12\x5b\x97\x69\xba\x30\xf1\x2d"
	"\x0b\xe8\x1a\xd1\xb1\x71\xcb\x0d\xc8\x04\x25\xc6\x0d\xf2\xe9\x09"
	"\x1c\xd6\x07\xd7\xce\x8e\x99\x4a\x54\xd8\x49\xe0\x76\x9b\x5b\xc6"
	"\xe9\x2e\x05\xe2\x41\x93\xfa\x8c\x4d\xa2\xcb\x69\x5a\x71\x80\x54"
	"\xa2\x08\x95\x8e\x06\xba\x2b\x4c\x73\x4c\xd0\x9b\xa4\xe3\x00\x2e"
	"\xe2\x45\x90\x74\xf7\x77\x43\xb4\x5e\xd1\x9a\x00\x9d\x37\x93\x1f"
	"\xaa\xb3\x99\x9e\x15\x48\x1a\x22\x79\x09\xa2\xe3\x04\x23\x43\x70"
	"\x93\x7e\x07\x4f\x22\x4f\x8a\x05\x73\x5d\x3d\x0b\x3c\x24\x08\x40"
	"\xa1\x77\x14\x38\x57\xd1\x10\x1c\x52\xcb\x57\xf5\xa0\x6c\xd7\xc5"
	"\x45\x62\x98\x48\xfd\x6e\x7e\x8f\x14\x0e\xb8\x48\x88\xf0\x3b\x4e"
	"\x1d\x5a\x38\x13\xee\xa8\x90\x25\xcb\xf4\x4e\x81\xf9\x76\x16\x9b"
	"\x28\xfe\x6e\x40\x08\x34\xc0\xac\xc4\xee\xcf\x25\xc0\xde\x13\x3b"
	"\x95\x8c\x2d\x70\x65\x9d\x91\x4c\x2f\xef\x8e\x27\x97\x24\xe2\x1b"
	"\xbc\x4d\x49\xcc\xba\xac\x04\x05\xcf\xcb\x6a\x95\xe8\xae\x75\xc7"
	"\xe8\xb5\x1c\x3c\x40\x50\x1e\x74\xab\xb4\x82\x59\x39\xca\x56\xa3"
	"\x07\x32\x5a\x1d\x2a\x4f\x2e\x6b\x40\x89\x65\x98\xe1\x44\xbd\xb9"
	"\x2c\x16\xd4\x23\x28\x46\xa9\x00\x0e\xed\x6d\x57\x44\x53\x1e\x55"
	"\x1b\x94\xd3\x10\x2d\x86\xe5\x73\xf2\xa8\x48\xa8\x34\xf1\x45\x12"
	"\x6b\x0f\xcd\xa3\xaa\x34\x4a\xdb\x35\x70\x95\x7d\x43\x3b\x97\x8a"
	"\x9d\x0e\x5c\x5c\x7b\x1b\xe9\x69\x6d\xdd\x24\x0e\x75\x62\x93\x4c"
	"\x26\x1d\x5b\x54\x4f\x78\xe9\x4f\x1d\x4a\x02\x7e\xa5\xd6\xa4\x3e"
	"\x19\x48\xf0\x8e\x0d\x23\x7a\x08\xb0\x22\x6b\x7c\x9e\x44\xe8\x2c"
	"\xca\x02\xb6\x2f\x8b\xa6\x96\xa4\x9a\xa9\x54\x78\x12\x56\x76\xb8"
	"\x95\x40\x38\xff\x8c\x5b\x46\x2f\x8e\x07\x15\x82\x9e\xf9\xba\xba"
	"\x92\xb3\x19\xd6\x81\x35\x5d\x6b\x72\xae\x43\x0e\x92\xd4\xd7\x6c"
	"\x62\xb3\xf5\xae\x7b\x88\xb8\xf6\x65\x86\xe4\x49\x1b\x29\x05\xd6"
	"\x4e\x59\x8d\xec\x5b\xdc\x41\x54\xb7\xb9\x61\x33\x6f\x73\x07\x65"
	"\x85\xab\xb1\x96\x88\xa1\x14\x75\x33\x00\x5e\xc6\x35\x97\x66\x21"
	"\x5f\xff\xf6\x65\xff\x7a\xb8\x1f\xfd\x69\x7c\xd9\xef\xc7\x97\xaf"
	"\x0f\x8f\x4e\x2a\xba\x69\x89\xd4\x95\xb3\x44\x4b\xc7\xa1\x77\xae"
	"\x56\x8d\xa7\xb0\xa4\x28\x7d\xb6\x83\x4a\x02\xbc\xb7\xb3\x14\x0b"
	"\x2c\x05\x43\x0e\xdb\x0f\xd1\x51\x8a\x44\x07\x78\x3e\xee\x48\x9c"
	"\xbd\xd8\x6a\x0b\x4c\xca\x2a\xe1\xc4\xeb\xf4\x1b\x9a\x22\x43\xfc"
	"\x60\x63\x83\xf6\x37\xaf\x8c\x9f\xec\x0a\x3f\xa6\x7b\x9b\xfb\x3c"
	"\x37\xd4\xab\x09\x98\x3f\xc5\x5e\xa1\x51\x0c\x44\xc7\xe9\x6b\xf3"
	"\xe5\x82\xa5\x30\x2d\xd0\x2f\x51\xb9\xc2\x48\x70\x70\x6d\xd2\x24"
	"\x9f\x13\x70\xd6\x6c\x7f\x2a\xa8\x52\xaf\x56\xbe\x42\x86\x92\xc1"
	"\xc1\xdf\x14\x54\x3a\x7e\x78\x9d\xcb\x08\xa4\x7f\xbe\x16\xbe\x73"
	"\xd9\xd7\x23\xc1\xfb\xfc\x85\x60\x6a\x77\x96\x0a\x6f\xe5\xa3\xb3"
	"\x14\xe0\x3e\x72\xa5\x12\xe6\x35\x5a\x48\xc4\x78\xb9\x86\x28\x3a"
	"\xa5\xee\x12\x55\x21\x02\x6e\x72\x8c\xdd\x15\x86\x69\x84\x79\x61"
	"\xe3\xd2\x88\xc1\xd1\x37\x81\x1a\xc4\xe1\x61\xf0\x9c\x24\x43\x73"
	"\xd2\x89\xe7\x92\x66\xa1\xd8\xe5\x6e\x70\xe1\x45\x97\x31\xf0\x4d"
	"\x95\x0a\xd5\x82\x98\xef\x8f\xa7\x07\xac\x8d\x19\xa9\x9f\xdf\x3b"
	"\x99\x69\x0c\x68\x74\x23\x88\x7f\x31\x31\xe3\xe5\x56\x19\x71\xd9"
	"\x92\x5a\x61\x6e\xcc\x7c\x60\xcd\x23\x95\x3a\x76\xe7\x9a\xde\x68"
	"\x53\x6c\xc7\xdd\x86\xb8\xbe\xcc\x97\x2a\xe1\x8b\xe6\x02\x96\xb7"
	"\xc9\x7d\x2b\xd0\x65\xdc\xa4\xe6\x32\xce\x73\xbb\xe2\xc1\x40\x23"
	"\x88\x0f\x70\x43\xfa\x98\x30\xb6\xae\x23\xe1\xa3\xca\xe5\x56\x68"
	"\x37\x66\xae\x2e\x7c\xaa\xbe\x3c\x7b\x52\x93\x98\x4e\x7b\x2d\x71"
	"\x6e\x67\x5a\xd5\x63\x7e\xb8\xfb\xfa\xef\x26\x91\x07\x9b\x33\xbc"
	"\x08\x0b\xb9\xda\x05\x6e\x52\xaa\x46\x04\xf1\x8d\x37\x95\x63\x6e"
	"\xa1\x32\x0e\xf1\x0f\x73\xe2\x7a\x22\xb3\x89\x95\xff\xca\x2a\x56"
	"\x92\x39\x38\x97\xa8\xbb\x6c\x49\x77\x5d\x3a\xa2\xc0\xf7\x08\x4b"
	"\x91\x6e\xec\x84\x19\xa6\x78\x74\x63\xe0\x27\xbe\xc9\x6c\x07\xdd"
	"\x94\xf7\x0c\x20\x0d\x0b\xf8\x71\x6d\xe6\xdb\xf0\xf2\xe3\xfe\x84"
	"\xf9\x10\x58\xe1\xe3\xe1\xae\x2a\xf8\x72\x4d\xab\xb1\xfc\x72\xd8"
	"\xf6\xca\x22\xdb\xb2\x61\x34\x49\x72\x36\xe0\xc4\x6b\x7c\x10\xa6"
	"\x17\xd7\xd3\x4f\x67\x09\x20\xca\x11\x6e\x96\xa5\x43\x42\x05\x6c"
	"\xf5\x19\xbc\x08\x53\xa9\x82\x61\x02\xba\xdd\x65\xfc\xcc\x1a\x13"
	"\xb2\x83\xa3\x0e\x49\x7e\x66\x21\xc9\x62\xb2\x1a\xc6\x2e\x99\x3c"
	"\xb3\x49\x29\x8d\x18\x51\xd4\xdf\x3e\x55\xa0\x96\x16\x19\xd6\xfd"
	"\x48\x19\xf8\x67\x99\x12\xec\x45\x5d\x5e\x5d\x7f\x7a\x07\x3f\x39"
	"\x8f\xbf\x7c\xa7\xfd\xd5\x7b\xed\xaf\xcf\xe3\xa7\x9f\xcf\xe1\xaf"
	"\x27\x97\x57\xef\xe0\xcf\xf7\x7f\xfd\xce\xfa\xaf\xaf\xa6\xe7\xf1"
	"\xd3\x77\xf0\x57\x57\x3e\x95\x5e\x63\x3f\x4d\x1d\x0f\xa3\x06\x7f"
	"\x9e\x9e\x3b\x7a\xc9\xcf\xb0\x6e\xba\xa6\x41\x31\x8c\xbe\x09\x07"
	"\xb2\x71\x1a\x2b\x28\x49\x86\xb8\xca\x10\x80\xaa\x80\xa8\x37\x3f"
	"\x23\xdd\x94\x80\x89\xa7\xe7\xc6\xc8\xa8\x24\xe7\xf4\x83\xc2\xba"
	"\x9a\xed\x64\x3c\x4c\x82\xee\x08\x39\xd3\x43\x2e\xa2\x33\x8d\x97"
	"\x45\x16\x0d\xf8\x0a\x36\xc1\xc5\x30\x05\xe8\xea\x1c\x2b\x76\x86"
	"\x29\xd6\x74\x3b\xec\x06\x1a\x8a\x22\x09\xc9\x99\x83\xdc\xa2\xcf"
	"\x3d\x8c\xbe\x3d\x13\xdd\xdc\xee\xb2\x9b\x34\xef\xa5\xb4\x83\x37"
	"\xac\xaf\xf9\xfe\xfd\xe5\x78\x72\x9c\x90\xd0\xaf\x68\x00\x5e\x15"
	"\x1f\xc9\xf7\xf0\x75\x7c\x30\x48\xe7\xb9\xaf\xd1\x53\x88\x0e\xaf"
	"\x0f\xdf\x9e\x37\xfb\xe3\x61\x84\xd3\x08\x5f\xe0\x0f\xd9\x4c\xd1"
	"\x98\x1c\x80\xd3\xe7\xfb\xef\x2f\x0f\xcf\xdd\x69\x83\xd7\x15\xe9"
	"\x04\xde\x50\xf6\x3e\x6e\x4b\x12\x34\x98\x88\x74\x74\x38\x1e\xf7"
	"\xa7\xfd\xe8\x3f\x2f\xc7\x3f\xf7\xc7\x97\xb7\xe7\xfb\xd7\xd1\x8f"
	"\x87\xfd\xe8\xf4\xc7\x61\xb4\x7f\x3c\x41\xbb\xfd\xe9\xe1\xc7\xe1"
	"\x75\xf4\xf5\xb8\x7f\x3a\x20\x55\xa7\xa4\xb9\xa4\x02\xf8\xb3\x48"
	"\xcb\xeb\x8b\xcb\xe9\xe4\x73\xb7\x4a\xb9\xc5\x5e\x9d\xc5\xce\xc6"
	"\x97\xc3\xd8\xc9\xe7\xd9\xd5\xc5\x20\x76\x7a\x31\xbe\xfa\x34\x8c"
	"\x9d\x5d\x5c\x8c\x07\xb1\xb3\x4f\x57\x7a\x56\x16\xc3\xb8\xf8\xe9"
	"\x6c\xf2\xd9\x1b\x62\xda\x64\x93\xf1\xc5\xec\x6a\x72\x3d\xdc\xcf"
	"\xe4\xd3\xec\x62\x36\xb9\x7e\xbf\xa3\xc9\xf5\x35\xa8\x58\xcb\x31"
	"\x24\x6b\x06\xf0\x1a\x7f\x71\x31\xb5\x97\xda\xc5\x4e\x61\x9c\x61"
	"\xec\xd5\xec\xd3\xe5\x20\x76\x3a\x9e\x4c\xac\x9e\x51\x2f\xa2\xe7"
	"\xbe\xe2\xc2\x5a\xe5\x78\xfa\x2e\xc5\xe7\x0e\xc5\x4d\x14\xc3\xd9"
	"\x8e\x1b\x92\xf1\xf8\xf2\x9d\x61\xe8\x64\x3c\x9b\x74\x0f\x6c\xb6"
	"\xd2\x19\x60\xd9\xdf\xe2\xc9\x65\x85\x1a\x90\x7f\xa4\xb9\x9c\x79"
	"\x68\x1c\x8a\x35\x31\x15\xea\x53\x0f\x33\xd4\xb8\xd9\xf5\x7b\xcd"
	"\xe7\xd3\xcf\x6e\x82\x27\xc0\xb0\x24\x03\xdf\x24\x1b\xbc\xd2\x4f"
	"\xc3\x7e\x21\x80\x4c\x7d\x69\x97\x4c\xe8\x6a\x8a\x79\x9b\x23\xe3"
	"\x0a\x33\xc9\x08\x75\xca\xf7\x0a\x6f\xed\xc6\x92\x63\x18\x0d\x5e"
	"\xed\x6d\x27\xad\xd9\xba\xe4\x03\x0a\xb6\x26\xc0\x58\x34\x53\x44"
	"\xec\x86\xfd\x7a\xfb\xa6\xc9\x34\x32\x15\x4d\x6e\x45\x22\xf0\x89"
	"\x6f\x82\xb7\xe5\xc5\xa7\x71\x87\x74\x3a\xf6\xdb\x3d\xd3\x8b\xbf"
	"\x9b\x39\x74\xe3\x6e\xf2\x52\x60\x91\xe1\x50\xf8\x50\x5d\x4a\x02"
	"\x83\xe8\xdb\x48\x4f\xa6\xca\xec\x9d\xb9\x8f\xc1\x7a\xf5\xa4\xdb"
	"\x95\x8e\xb7\x01\x5f\x55\x1c\x0d\xa2\xdb\x0b\x42\xd7\x49\x48\x68"
	"\x58\xdf\xf7\x94\x9d\x01\xda\x0c\x60\x1e\x67\xf8\xe2\x81\xd9\x17"
	"\xb9\x9b\xce\x4d\x6b\x7b\x13\xd8\xae\x0f\x53\xbf\x2a\x09\x62\xe9"
	"\xbb\x07\xd1\x79\xe1\x3c\x8d\x30\xbb\x2d\x7c\x37\x51\x21\x78\x61"
	"\xb4\x34\xa1\x98\x93\xe0\x3d\x3b\xeb\x76\xc9\x29\xc9\x0a\xe2\xc3"
	"\x74\x13\xd1\xa6\x9f\x5c\x57\x0a\x2b\x5f\x4f\x74\xab\x04\xb5\x93"
	"\x21\x2d\x6a\x0d\xff\x49\x9b\x82\xaf\x33\x14\xfd\x41\x3b\x39\xa4"
	"\x8c\x97\x01\xe7\xca\x99\x5f\x35\x35\x26\x79\x42\xba\x79\x5c\xdd"
	"\x4d\xd5\xc2\x54\xeb\x67\xb0\x13\x3e\x71\xcf\x13\xa6\xca\x5c\x99"
	"\x74\x04\x0a\xf2\xcc\xc9\x15\x87\x6e\xda\xc2\x53\x4f\xed\x7b\x1f"
	"\xd4\xa6\x6e\x40\xce\x42\xdf\xb8\xf8\xf4\xa2\x8e\xb6\x9d\x52\x0d"
	"\x99\x9e\xc9\x09\xe8\xdd\x4c\xf1\x5a\x07\xc6\x9b\xcf\xc6\x9f\x2f"
	"\xfd\xb2\x53\x6d\x4d\x4c\x58\x52\xb8\x95\x47\x2e\x66\x20\xff\xd7"
	"\xbf\xbb\x18\x76\xe3\x90\x5d\xf1\x36\x28\xd7\x25\x7b\xde\x24\x3d"
	"\x25\x99\x66\x57\x7b\x1e\xb1\xe0\xd0\x6e\xa0\x85\xfd\x68\x46\x3f"
	"\xa3\x49\xf9\x5a\xdf\x48\x1a\x4c\xab\xcc\x53\x32\x58\x59\x86\x38"
	"\x58\x03\x91\xf3\xab\xb6\xc1\x6d\xce\x79\xe2\x5d\xcb\x6d\x50\xf8"
	"\xd2\x5a\xb7\x32\xed\x68\x9f\xfa\xad\x4b\xaa\xeb\x13\x9d\x62\x87"
	"\x9a\x58\x3f\xd1\xf1\x74\x56\xe7\xa7\xf5\x23\x9a\x92\x41\xe8\x6b"
	"\x58\xbf\x4d\xd2\xe8\x1b\x6a\xac\xb0\xac\xef\xa8\xce\xe5\xd1\x73"
	"\x45\xcd\xf5\x10\x49\x86\x74\x28\xa2\x8b\xfa\xc5\x13\xf6\xdb\xd1"
	"\x73\xef\xe1\xeb\x72\x6b\x41\xc3\x84\xb0\xb4\x5b\xb1\xb9\xa4\x2c"
	"\x8d\x9c\x3c\x3c\xcb\x42\xdc\x73\xdc\x9e\x2d\x4b\x0b\x7f\x1d\x67"
	"\xc4\x04\xaa\xa8\xaa\xd3\x52\x67\xf3\xb5\x23\x50\xf2\x2c\xd9\xd9"
	"\xb9\x78\xac\x47\x05\x35\x9b\x61\xc2\x12\xa9\xda\x79\xb4\x8c\xa4"
	"\x05\x83\x08\x10\xb4\x08\x1c\x12\x5f\x29\xc8\x0a\x27\xa1\x8b\x1e"
	"\xe7\xe3\xbf\xa6\x71\x2b\x82\x78\x3f\x45\x49\x54\x35\x36\x8f\x73"
	"\x1a\x3b\x2e\x02\xfb\x15\x84\xde\x1d\x50\x28\x76\x75\x74\x0b\xc3"
	"\x89\x71\xe1\x3e\x70\x88\x05\xbe\x50\x5a\xf7\xee\x83\x4d\xe9\x95"
	"\xe6\x11\x9f\xe7\x93\x10\x5d\xb2\xc2\x84\xda\x61\x95\x73\xec\x94"
	"\xd9\x92\x6d\x85\xc1\x1a\x07\xb9\xac\xbc\xaf\x8b\x4f\x97\xed\xe3"
	"\x3a\x2c\xfd\xaf\x32\x6f\x88\xd5\x7a\x54\xce\xc7\x55\x1d\x34\x0d"
	"\x47\xe9\xe1\xe9\xe5\xf8\x73\x94\xee\x9f\xf7\xdf\x0e\x4f\x87\xe7"
	"\xd3\x88\x7f\xc7\x1c\x99\x95\x3d\x05\x32\xd8\x9d\xde\x8d\xba\xb3"
	"\x0a\x22\x08\xa6\x69\xfd\xae\x49\x85\xfc\x5b\x55\xff\x2b\xba\xa5"
	"\xfe\x98\x2c\x14\x04\xd6\x88\x05\x0c\x5e\xf4\x96\xfa\xfc\x37\x73"
	"\xab\x82\x3b\x85\x9a\x03\x0e\x05\x36\xd0\xbe\x74\x2c\x32\x3c\xf6"
	"\xea\x06\x8c\xa8\x92\x26\x5e\x77\x45\x17\xfa\x94\x01\xa8\x42\xfd"
	"\x46\x8d\x46\xcc\xbd\xf2\x37\x1e\xa6\x94\x81\x5d\xc6\xcc\x14\x5b"
	"\x90\x4a\x2a\xc1\x28\xd6\xcd\x97\x0c\xeb\x57\x77\xdd\xc6\x8a\x2c"
	"\x16\x58\x4c\x83\xa6\x83\x04\xcc\x41\xaf\xaf\xad\xea\x50\xfb\x0d"
	"\x1f\x18\xd3\xb4\x48\x3a\x26\x28\xcc\x27\x9f\xca\xaa\xc0\xcc\x87"
	"\x97\x54\x81\xbf\xeb\xc3\x54\xcb\xd8\x94\x4a\x05\x62\x0c\x07\x97"
	"\xd5\x49\x54\xc0\xfc\xb8\xfe\x7d\x32\xc2\x27\x69\x0f\xa7\xc3\x1d"
	"\x84\xa8\xfb\x47\x4f\xf9\xbc\xe9\x01\x3c\x1e\x12\x47\x41\xda\x7f"
	"\x0e\x9b\xf5\x5d\xf7\x04\xf4\x83\x61\xd1\x33\xae\xff\x92\xba\x33"
	"\xb9\xf8\x9b\x33\x29\x08\xef\x8f\x98\x83\xbe\x1a\x1c\xaa\xbe\x13"
	"\xd3\xbe\x92\x91\xbf\xee\x32\x2a\x92\x3c\xb1\xbd\x39\x41\xb1\xc6"
	"\x45\xb9\xae\x4d\x73\xe5\xae\x6f\x12\x7d\xf0\xfa\xf6\x94\x2e\xf4"
	"\x3d\x8c\x29\x88\x34\xa9\x8f\x17\x98\xde\x4b\x57\x18\xab\xcb\xa3"
	"\xf9\x87\x3b\x00\xbf\x3c\x1e\xe6\xa7\xd3\xcf\xf1\xc8\xfa\x48\xd5"
	"\xf4\x9f\x9f\x2f\x26\xa0\x03\x9e\x27\xa3\x23\xf4\x31\xff\x78\x7f"
	"\xf8\xf1\xf1\xb8\x7f\x1a\xfd\x78\xda\x3f\x3e\xbe\xdc\xcd\x67\x9f"
	"\x2f\xd3\xd1\xeb\xe3\xdb\x97\xf2\x69\xff\x57\xf9\x72\xbc\x3f\x1c"
	"\xe7\x63\x03\xb8\x3f\x7c\x79\xfb\x36\xe7\xa3\x0f\x9d\xf1\xd0\x42"
	"\xa7\xda\x85\xc2\xfb\x49\xd7\x49\xa9\x49\xc0\xf5\x03\xbe\xf2\xcb"
	"\x6e\xdd\x0b\x8a\xa3\x97\x82\xc6\xfe\x8c\x8e\x79\x73\x62\xf6\x1d"
	"\x6c\x07\x0c\x80\x97\x1d\x2a\x28\x59\x3a\xe4\x88\x14\xcb\x5e\x6e"
	"\xa5\x78\x3d\x1c\x5f\xbf\xef\xef\x0e\xa3\x2f\x0f\xcf\x7b\xd0\x77"
	"\xba\x40\xf2\x64\xed\x2b\x5e\x06\xa7\x28\xff\x71\xaf\x3c\xc0\x87"
	"\x82\x8f\xaa\x9e\xd5\x7a\x8d\x09\x32\x8e\xea\xa9\xf1\xcf\xb0\xe8"
	"\xa2\x7a\xf3\xe2\xbb\xa8\x33\xdd\xca\x50\xb0\x5c\xf5\xbc\x55\xc2"
	"\x8b\x81\xeb\x3f\xd3\x2c\x65\x32\xf4\xd6\x4e\x82\x72\x72\x6a\xbc"
	"\xba\x97\x6a\xf5\x1b\xcd\x06\x6e\x32\x56\x2f\xff\x39\x1c\x47\x4f"
	"\xad\x15\xe8\x31\x5e\x55\x3d\x61\x75\x64\x00\xd6\x75\x4b\x1b\x21"
	"\x57\x28\xb9\x62\xe0\x08\xee\xb2\xd0\xab\x99\x15\xa9\x8c\xac\xbd"
	"\x76\x16\x80\x2e\xd6\x6a\xc9\x17\xc0\x82\x07\x91\x50\x6a\xad\xae"
	"\x86\x54\x8f\x9b\x5b\x9b\x93\xea\x4a\x7d\x8d\xf3\x77\xb4\x21\x2b"
	"\x6a\xac\xe1\x4f\x1f\xb4\x9a\xda\xa4\x35\xa5\x0e\x76\x61\xfb\x80"
	"\xa9\xd3\x45\xaf\xea\x15\xe7\x52\x5d\x95\xf6\xfd\x53\x9b\x0a\xdf"
	"\xf1\xd6\x7b\x77\x66\xf5\xfd\x11\x22\x3d\x37\x15\x2e\x23\xbe\xf0"
	"\x37\x74\x1e\x26\xc1\xb7\x53\x79\xb8\xb9\x29\x73\xbe\x41\x63\xd1"
	"\x14\xba\xf4\x62\x60\x5d\xcb\xea\x3a\x01\xce\x77\x75\x01\xd4\x9c"
	"\x1e\x56\xa9\x4b\xe6\x09\xb3\x2b\xd6\xb0\xd0\xf5\x63\xc4\x8a\x09"
	"\x5b\x57\xa4\x4e\x81\x22\x8e\xdd\x3f\x1e\x2c\x2d\x08\xb3\xa9\x5e"
	"\x44\x76\x20\xa6\x08\x3f\xc7\x47\xa8\x82\xad\xcd\xdd\xa5\x93\xee"
	"\xd1\x44\x0b\xbe\x06\xd5\x1e\x75\x52\xea\x3e\xaa\x94\x66\xc5\x60"
	"\x17\xa9\x5a\xbd\xdb\x5e\xad\x86\xfb\x80\x38\xd6\xdf\x45\xa4\x0c"
	"\x81\x7e\xdd\x2f\x2d\xd3\xd7\xec\xc5\x28\x3a\x3e\xfc\x30\x97\xdc"
	"\xb6\x75\xc3\xbe\xb1\xe5\x50\xa2\x4d\xcf\xe7\x7a\xb2\xdd\xfa\x08"
	"\x3b\x64\x19\xdd\x54\x6f\x70\x0d\x69\xaf\x7c\x09\xdf\x09\xca\x76"
	"\x35\xe0\xd7\xe5\xbe\xb7\x8e\x38\xe5\xf8\x78\xf8\xf7\xdb\xe1\xf9"
	"\xee\xe7\xe8\xf5\x6e\xef\xd6\xf3\x60\x7b\x7c\x20\xe7\x9e\xa5\x7e"
	"\x32\x87\x1b\x48\x94\x12\xa5\xfb\x3c\xc9\x46\x77\xdf\x2f\x36\x48"
	"\xdc\x3a\x0f\x18\x7d\x50\xe9\x81\xf7\x34\x51\x83\xa9\xb5\x39\x8e"
	"\x66\xbd\x47\xf1\xdb\x39\x6f\x23\x94\x2d\x49\xd6\xff\x45\x13\xac"
	"\xd8\xd5\x4f\x9a\xfe\x7e\x13\x0e\x96\x11\x26\x16\xfd\xfd\x16\x80"
	"\x83\x61\xd6\xbd\x07\x1d\xe7\x5b\xe9\x1f\xca\x20\xe1\xc0\x2b\x10"
	"\x6f\x13\x9d\xdf\xc3\x37\x88\x03\x67\xe8\xbe\xf2\xf1\x52\xd4\x5b"
	"\x38\x80\x6f\xf6\x6b\x00\x5f\x6f\xce\x00\xda\x5a\xd3\x20\x9b\xb5"
	"\x7b\x35\x40\x62\xaf\xb2\xe1\xfb\xaf\x5d\xbe\x1f\xdd\xf7\xe5\x16"
	"\x08\xcd\x9e\xa9\xa1\x63\x30\xe8\x22\x4d\x77\x83\x82\x1d\xe8\x9f"
	"\xc6\xc0\x7b\xcc\xba\xc1\x20\xe9\x8a\x89\xd5\x86\xf3\xe8\x2c\xe1"
	"\x0d\x17\xec\xc6\x47\xd1\x3e\x90\xeb\x79\x4a\x00\x03\x37\x0f\x15"
	"\x9e\x94\xd5\x4d\x80\xf5\x9c\x0e\x42\x3e\xe1\x44\xfe\x08\xa4\x35"
	"\x4c\x6f\x48\x76\x38\xe1\xf5\x15\xee\x53\xcf\x01\x81\xe3\x5d\x51"
	"\xe5\x46\x9d\x08\x81\x18\x98\xf8\xac\x5e\x91\xb1\xad\x53\xaa\xb2"
	"\x85\x23\x72\x92\x05\x1a\xd6\x6d\xdd\x26\xbe\x12\x9f\xd7\xb6\x8d"
	"\x85\x65\xf5\xf0\x4b\xff\xf2\x4c\x07\x54\x3d\x02\xb3\x41\x9a\xc7"
	"\x62\x87\x45\x35\x5c\x16\x01\x3e\x43\x60\xe1\xae\x83\x30\xc9\xc5"
	"\x1e\x39\xa8\x35\x08\x20\x21\x58\xea\xf6\x9f\x57\x41\xb9\xb5\xb9"
	"\x2b\xba\x73\x2e\x1d\x0c\xa8\xee\xd9\xf7\x13\x28\xce\xa9\x82\xf3"
	"\xa6\xad\xa9\xfb\xd3\x08\x00\x6d\xdc\x19\x01\x5e\x6a\xa7\xb2\x08"
	"\x2b\xed\x03\xac\x1a\xa4\x83\x49\x8d\xba\x5f\xb4\xd2\x3a\x60\x92"
	"\x9d\x1e\x74\xb7\x15\x0d\x51\x03\xb5\xc0\x35\x19\x18\xf9\x80\x4b"
	"\x3a\x44\x94\x67\xfe\x7c\x81\xe6\xc8\x9c\xe5\x7e\xd6\x06\xd4\x02"
	"\xdd\x79\x08\x92\xb7\x1d\x2e\xce\xf1\x85\x67\x46\x93\xee\xce\xea"
	"\x16\x43\xb3\x48\xf5\x5c\xbd\x6f\xff\x32\x90\x1e\xbe\x62\x3d\x69"
	"\xc9\xd7\x8a\xb9\xa0\x22\x1a\x1a\x3b\xe6\xc5\xe0\x22\x01\xd7\x4e"
	"\xda\x7f\x03\x87\xc7\x5e\x92\xe5\x00\x43\x94\x54\xba\x79\xc9\x0a"
	"\x56\xf2\x38\xee\x56\xab\xba\x44\x86\x27\x87\xf1\x9a\x71\xcd\xc4"
	"\x86\xc6\x6e\xd6\xdb\x6b\xa7\x7f\x93\xc8\x64\xa7\xdd\xdf\x9f\xea"
	"\x50\x9c\xef\x20\xa0\xb4\xdb\x16\x35\x42\x07\xa4\xc2\xdc\x07\xc6"
	"\x03\xa9\xc0\xee\xc2\x04\xd9\x0c\xa9\xa5\x66\x08\x60\x2e\x7c\xa3"
	"\xe1\x48\xa8\x49\xf7\xe1\x68\xf8\x7c\x97\x91\xa4\x4a\xfa\xf9\x7e"
	"\xa5\x02\x88\xe0\xcf\x45\x23\x8c\xd6\x53\x8f\x1a\x15\xd8\x2f\x05"
	"\x1a\x68\x58\xf8\xe1\x1b\x98\x0f\x9a\x85\xf9\x53\x0f\xb5\x84\xbf"
	"\x00\xdc\xea\xc6\x06\x21\xe1\x4f\xbf\xfa\x6c\x48\x76\x41\x42\xce"
	"\x93\xac\xe9\x62\xa0\xba\xa6\x21\xc9\xd6\xe7\xf1\x58\xab\x81\xaa"
	"\xe4\x3c\x55\x92\xbf\x37\x91\x8c\x9f\xa7\xd8\x51\xb2\x3c\x4f\xc1"
	"\x92\xff\xa7\xec\xda\x9a\x1b\xc7\x75\xf4\xfb\xfe\x0a\x97\x1f\x4e"
	"\xed\x56\xcd\xd9\xb5\xe5\x58\x49\x4e\x55\x1e\x68\xdd\xac\x89\x6e"
	"\x11\x25\xdb\xe9\x17\x95\x27\xc9\x74\xbb\x26\x97\xae\xc4\xdd\x3d"
	"\xf3\xef\x97\x20\x25\x9b\xa4\x08\x4a\x79\x4a\x4c\x7c\xa2\x48\x88"
	"\x17\x00\x04\x01\xb6\x07\xe6\xf1\x40\x7f\x7c\x6f\x90\x71\x9e\x1f"
	"\xd9\x01\xab\x55\x69\x39\x1d\x12\x1f\xb9\xe7\x67\xca\xbf\xbe\xb1"
	"\xde\x0e\x51\x6a\x4c\xd0\xc8\xdd\xeb\x6f\xa6\x7f\x1c\x1e\xa6\x6a"
	"\xb3\x52\x7f\xa9\xf9\x9a\x9f\x96\xc0\x8d\x2b\x6f\x21\x1b\xb7\xdd"
	"\x3b\xc0\x9a\x1a\x9a\x28\x8d\xea\x9d\xcf\x09\xe2\xd2\x37\xec\x7e"
	"\x8d\x4f\x7c\x75\x32\xba\x6c\x01\xd3\x4b\x0c\x0b\x97\x8b\xad\x5c"
	"\x0a\x46\xdf\x4c\xf9\xdb\xd3\xb8\x70\xd5\x8d\x8a\x15\xc6\x09\x41"
	"\x6b\x91\x96\x37\xbd\x65\xe6\xd2\xc1\x75\xcd\x1d\x58\xd8\xdc\xfe"
	"\xca\xa6\xf5\xfe\x4c\xe7\x5c\x6e\xaf\xd1\x63\x06\x17\xde\x45\x65"
	"\x1f\xe2\x25\x54\x55\x95\xba\xb2\xc6\x2d\x7d\xac\x92\xcc\x8f\xa9"
	"\xc7\x8f\x5d\xab\xfb\x22\xd0\xea\xeb\x6f\x6a\xbc\x18\xdf\x4f\x19"
	"\x11\xdb\xf2\x3a\xa2\x65\x5f\xe1\x1f\xd3\x26\x80\x40\x77\xea\x15"
	"\xdc\x66\xa0\xf8\x3b\xfa\x5b\xba\x56\x43\x10\xb9\x4d\xb2\xed\x37"
	"\xc3\x00\x5b\xa7\xc4\xc3\x36\x70\xec\x3a\x2f\x23\x41\xb4\x3a\xb0"
	"\xc4\xa4\x44\xbd\x2b\x0d\x5b\x4c\x51\x15\x70\xd9\x8e\xd2\x38\xbc"
	"\xc7\xaa\xe6\xcf\x17\xeb\x7b\xa1\x15\x57\x24\x2d\xcc\x87\x8c\x0c"
	"\xaa\x5f\x9f\x3c\x15\x19\xf6\x9f\x55\x19\xfb\x51\x20\x3d\xf5\xd2"
	"\x2a\x44\xe0\x2a\xc7\x44\xfc\x3f\x0f\xe0\xb4\x86\x05\xe1\x3c\xd7"
	"\x6c\x52\x18\x5a\x52\xab\x69\x68\x9d\x56\x89\x58\x7c\xa7\x3e\x50"
	"\x0b\x4c\xd7\x07\x88\x2b\x06\x1d\x19\x62\x19\x64\x19\x3f\x94\x55"
	"\x4a\x79\xd8\xa2\x5e\x74\xaf\x96\xc0\xaa\xf2\x83\x8d\xa9\x39\x52"
	"\x75\x4d\xfb\x25\x4d\x24\xd3\x77\x96\xe9\x70\xc0\x45\x87\xea\x87"
	"\x23\x5c\xd9\xc7\x44\x21\xf6\x43\x01\x28\x64\x18\x24\x98\x55\xba"
	"\x07\xe4\xa3\x09\x69\x4d\xc5\x2f\x70\xe6\x6c\x0f\xf4\x0a\xb5\x29"
	"\x1d\x25\x52\xe2\xbb\x48\x04\xea\x55\xc8\x23\x4c\x16\x4b\xe2\x2a"
	"\x40\xba\x46\x40\xfb\x27\x08\x31\xd4\xeb\x3c\x51\xd6\x0b\x67\x81"
	"\x90\xe2\xd2\x43\x28\x86\x70\x72\x0a\x9d\x8d\x84\x55\x9c\x53\x2d"
	"\xbc\x8c\xfa\xad\x33\x94\x79\xe7\x4f\x59\xa0\xcd\xa6\x44\xf5\x1e"
	"\x53\x89\xf1\x60\xd5\x55\xd8\xe7\xb2\x69\xc6\xc9\x04\xfb\xf0\xe8"
	"\xcd\xa8\x28\xa9\x83\xc6\x3c\x3d\xc3\x26\x23\x2a\xef\x32\x6e\x5b"
	"\x08\x94\xf0\x18\x6d\x31\x32\x92\xce\x24\xd3\xb8\x38\x53\x7b\xe3"
	"\x09\x48\x86\xc1\x02\xc5\xa1\x01\x2a\x46\x81\xcc\x11\x28\x45\x59"
	"\x0c\xc4\xca\x54\x0f\x1c\x29\x83\x1b\x84\x56\x99\xd8\x9c\xac\x6b"
	"\xd8\xee\xb4\x81\xf1\x35\x76\x77\xe4\xb1\xc4\x26\x0f\x6f\x2f\x7f"
	"\x1c\x5e\x9f\x1e\x27\x6d\x8c\x54\xd3\xfa\xba\xab\xf4\xf5\x46\x26"
	"\xc1\x70\x68\xc9\x4a\xcd\xc7\xfd\xfb\xd7\xa7\xa3\x62\xc0\x52\x9e"
	"\xab\x40\x87\xa9\x44\x74\xcc\x81\xc1\x70\x46\xf3\xf8\x4e\xb4\x4e"
	"\x07\xba\x7a\x82\xb7\x1b\x1b\xd2\xf4\x0e\x75\xee\xc1\x00\xea\xbc"
	"\xb6\xda\x80\x95\x79\xbb\x39\x23\x7c\xea\x15\xa3\xbb\xbc\x4e\xc6"
	"\x43\xa1\x71\x23\x59\x03\xa6\x78\x1e\x07\x67\xa8\xb1\x89\xf1\xe6"
	"\x9e\x11\xa9\xec\x7e\x06\x80\x85\x77\xea\x54\x36\x3c\x9b\x41\x78"
	"\xa4\x62\x00\x13\x0e\x36\x21\x0b\xbb\x4d\xdc\xda\xe9\x2c\xe7\x2b"
	"\xdc\x68\xce\x83\x9d\xcc\x1c\x5d\xd7\x88\x36\xcd\x62\x03\x8e\xd5"
	"\x39\xb2\x46\x88\x8c\xb2\x1b\x18\xe6\x5a\xc4\x2a\x13\x64\xd4\xf8"
	"\x66\x0a\x5c\x4a\xe9\x60\xdb\xbd\x82\x29\x0d\x70\xf7\xbb\x7f\x5b"
	"\xa3\x5b\x22\x5e\xf6\xc7\x87\x6f\x4f\xf8\x12\x91\xc2\x59\x25\x77"
	"\x75\x01\x65\x60\x88\x15\x02\xad\x45\x92\x33\x20\xfa\x01\xff\xac"
	"\xe8\xa4\xa6\x95\xd1\xb2\x62\x02\x33\xa9\x2e\xc8\xaa\xa1\x06\xb0"
	"\x95\x64\x75\x5f\x21\x4a\x03\xf2\x80\x45\xbc\x37\xc2\xdb\x73\x2a"
	"\x3b\xca\xf2\xb1\xcf\xa0\x4e\x80\xb5\xb6\xb0\xa8\xc7\x76\x06\xf6"
	"\xe0\xd1\xd8\x60\xf3\xa9\x8f\xa5\x2f\xac\x38\x32\xf0\x32\x6b\xc7"
	"\x85\x49\x00\xa7\x43\xec\x89\x61\x1e\xeb\x61\xd2\x4d\x90\x64\x80"
	"\xb5\x7d\xe3\xa8\x0d\x5b\x92\x2c\x0a\xac\x2f\x4c\x9c\xca\xde\x35"
	"\x3d\x1e\xbc\x09\x32\xd8\x73\xa6\xa8\x0e\xd0\xcb\xa1\x31\x25\x54"
	"\xef\xbc\xac\xc6\x7e\xfd\x2c\xd4\x35\x39\x1b\x3a\xa7\xe1\x38\xa6"
	"\x6a\xd7\x86\x0d\x88\xd3\xb9\x8c\xed\x7d\xe0\xf1\x8d\x68\x76\x06"
	"\xf0\x6d\xa5\xda\x3f\x0c\x98\xbb\x3a\x97\x43\x5f\x62\x08\x67\x04"
	"\xa4\xdd\xba\x6d\xcd\x3f\x03\x9b\x85\xb3\x8a\x47\xb3\xd9\xb0\x33"
	"\x5a\xe1\x01\x49\xd2\xf1\x60\x2f\xc8\x46\x57\x0d\x32\xfc\x38\xee"
	"\x43\x7c\xd1\xc0\x3e\xbe\x7b\xf9\x14\x8c\x08\x6e\x83\x1c\x40\x95"
	"\x9a\x3f\xb8\x01\x24\x76\xdc\x71\x6d\x07\x99\xce\xfa\xc6\x7a\xe1"
	"\x68\xc7\x68\x34\xa8\xb0\xf3\xa8\x0d\xed\x6d\xde\x71\xf1\x9f\x11"
	"\xc6\x99\x10\xec\xc0\x25\xe1\xc6\xab\x0b\x4c\x35\xd6\x49\x82\xef"
	"\x5d\xb9\xac\xe0\xf8\x10\x4e\x81\x15\x63\x46\x05\x18\x96\xa4\x44"
	"\xb4\x29\x20\xf6\xde\x55\x06\xbf\x83\x3b\x79\xaf\x9c\x6b\x6b\xa6"
	"\xc2\x94\x50\x26\x3a\x96\xc4\x0f\xcc\x74\xb3\x45\x82\x53\x0a\x83"
	"\x26\xa7\x9a\x0c\x18\xab\x59\x79\x5c\x9c\x94\x34\xa5\xbc\x95\x83"
	"\xd6\xe6\x72\x65\x2b\x93\x09\x65\xa1\x5b\xe3\x64\x6a\x25\x87\x3c"
	"\x15\x04\x33\xfc\x24\xb4\xfe\xae\x89\xac\x0a\x99\xde\x67\x5c\x06"
	"\x35\x9f\xe3\xea\xca\xba\xf2\xe8\x99\xb3\x08\x40\x97\xfd\xb5\x76"
	"\x9d\x84\x69\xad\x97\x59\xa4\x3a\x23\x29\x8f\xb5\x72\x1d\x72\xdf"
	"\x5b\x81\x32\x06\x0f\x83\x18\x3b\xd1\xae\x97\x64\xab\xb7\x8e\x49"
	"\xda\x35\x84\x9d\xd1\xcb\xd9\x20\x36\x8f\x01\x82\x7d\x4d\x46\x38"
	"\xf7\xb5\x9d\xa1\x3f\xdd\xcf\xce\x51\x17\x9f\xa3\x2e\x32\x47\x5d"
	"\xf3\x1c\x75\xcd\x93\xf0\x3c\xdf\xdc\x9e\x31\xd4\x50\x59\x3b\x0d"
	"\x5d\x23\x4f\x5d\x6d\xb2\x48\x5f\xc4\x95\xe7\x0b\xf2\xd5\x24\x4c"
	"\x50\xc7\xee\xc5\x30\x0c\xb8\x34\x8c\x02\x7d\x67\x18\xb5\x4e\x86"
	"\x31\xd0\x73\xe1\x11\x3c\x8c\x4d\xd7\x38\x8f\x7a\xeb\x80\xb9\x8a"
	"\xb2\xb2\xbd\xc6\x68\x87\x50\x21\xfd\x91\xe9\x0e\xac\x1c\xee\xd8"
	"\xa5\xc3\x55\xe6\xb2\x5a\x2c\xe6\x95\x5e\x6b\x37\xb5\x6c\x7d\xca"
	"\x08\xe2\x35\xdd\x1e\x49\x84\x4d\xb0\xea\x1b\xd5\xe4\x99\x8f\xaa"
	"\x31\xb0\xa1\x6a\x92\x86\x14\xd0\x1a\x39\xee\x65\x42\xbe\xd9\x0d"
	"\xab\x32\x99\xba\x5a\x11\xfe\xec\x0e\xc0\x7e\x37\x9b\x85\xc9\x6d"
	"\x44\xde\x79\x44\xe7\x7a\xe7\x2f\x71\x94\xb2\x26\x43\x5c\x21\x4d"
	"\x12\x69\xe9\x9b\x84\x64\xed\x17\x36\x1f\xfb\x70\x47\x74\xee\xae"
	"\x40\x89\x7e\xbc\xc4\x8a\x4c\x11\x81\xa1\xca\xab\x99\x33\x57\x42"
	"\x1c\x9d\x4b\x9b\x68\x53\x9a\x39\x28\x61\x52\x0c\xe3\xb3\x05\x3b"
	"\x30\x66\x3a\x4a\x14\x2b\x2c\xfb\xe9\x20\x9f\x10\x89\x40\x51\x91"
	"\xc4\x6c\x13\xda\x39\xe6\x58\x2b\x09\x29\xcc\xa1\x76\x8a\x75\x9e"
	"\x21\x62\x97\x9b\xe4\xdb\x02\x09\x9f\x11\x07\x41\x00\xbd\x5f\x5e"
	"\x20\xfe\x48\x5d\xc4\x29\xbe\x11\xdc\xfd\x78\xfa\xf1\x74\x78\xfd"
	"\xfa\x7f\x6d\xb0\x2b\xe1\x4f\xab\x7c\x1f\x0a\xca\xfb\xea\x0e\xaf"
	"\xad\x59\x57\x2b\xfd\xa3\xf2\xe2\xd0\x78\xb1\xa0\x23\x17\x65\x9c"
	"\x9b\x1e\xe3\x4a\xdd\x1d\xea\x84\x44\xb9\x54\xef\x5b\xe9\x34\x5c"
	"\x0d\xd0\xed\xf5\x57\xc1\x5d\x62\x07\xac\x42\x2b\x3d\x1a\x6a\xa1"
	"\x4f\x75\x43\x6c\x0f\xc2\xfe\x06\xa9\xbd\x92\xb2\xb4\xd2\xd3\x3b"
	"\xe0\xb1\x15\xe2\xad\xf3\xdb\xc0\x8a\xb8\x1b\xe0\x95\x07\xb7\x9b"
	"\xac\x88\xf0\x6e\x14\xc8\x4a\x5e\xaf\xed\x0c\x2f\xe2\xc0\x32\xd4"
	"\xce\xc7\xbf\xfd\x07\x13\xe4\x16\xc5\x89\xc9\xfd\xc0\x98\x62\x86"
	"\x3c\xef\x3f\x3e\x0e\x7f\x1e\x1e\xfa\x87\xce\x4c\x72\xd4\x5c\xf0"
	"\x58\x01\xdc\xdb\x52\xfd\x68\x3a\x42\xe5\xc5\x99\x1f\xec\xd0\x56"
	"\x00\x86\x7b\x08\x5c\x58\x21\xe1\x16\xe1\x00\x10\x85\x4a\x77\xba"
	"\x39\xcd\x0b\xf4\x3c\x1b\x6d\xa9\xc9\x05\x80\x37\x81\x6e\x0a\x7b"
	"\x1b\x19\xc0\xb5\x37\x91\xad\x5b\x56\x00\x9a\x69\xe5\xc4\xc4\x9e"
	"\xed\xf6\x54\x71\x50\x5a\xab\xe6\x72\x8c\x39\x6b\x02\xf7\x42\x4c"
	"\xd5\x94\x6c\xe7\xb2\x36\xe2\xea\xc2\x51\xeb\x6c\x89\x5e\x8a\x33"
	"\xa5\x85\x70\x4b\xae\xf5\xb5\xba\xc6\x2d\x51\xd2\xa0\x22\x43\x2f"
	"\x80\xe8\xc3\x16\x9e\x11\x4f\x35\x54\x40\x81\x30\x48\xe9\x87\x1c"
	"\x9c\x02\xd1\x6b\x91\xda\x80\x9c\xc6\x65\xa9\x46\x2c\xec\x28\x94"
	"\xa4\x45\x82\x2f\x26\x84\xcb\xf6\x95\x95\x8e\x09\x5d\xa7\x56\x07"
	"\x96\xa3\x40\xd1\x88\xd8\xf2\x41\x38\xe0\x76\x35\x58\x89\xa7\x9d"
	"\x1f\xf6\x00\x20\x63\x58\x01\x6c\x9c\xda\xdf\xd0\x9a\xd6\x87\x9a"
	"\x9a\xe6\xbe\x9d\xa1\xa1\x9d\xe1\xc2\x67\x08\x7c\xb5\xad\x93\x23"
	"\xce\x7c\xcb\xf2\x19\xc6\xa1\xb2\x53\xfb\x9e\x79\x7b\xf5\x33\xb8"
	"\xd1\x4f\x73\xc8\x09\x69\x96\x9d\x99\xb0\x4a\x78\xb8\x4f\x23\x39"
	"\x2f\x82\x6c\x43\xb7\x31\x1b\xd3\x66\xc9\x4e\x68\x96\xe8\xa1\x08"
	"\x77\x07\x40\xbd\xf0\xd9\xe0\x44\x9f\x6c\x32\x24\x4e\xf4\x9a\x5a"
	"\xb6\x58\xde\x52\xcd\x60\xab\x20\x92\x05\x58\x2e\xc0\xb6\x66\x43"
	"\x65\x1e\x35\x05\xa1\xbe\xcd\xf2\x1d\xa3\x49\x77\x04\x4a\x39\x61"
	"\x56\x19\xf2\x6c\x75\xb2\xdf\xde\xae\xa0\x86\x14\x49\xdc\x85\x0b"
	"\x93\x03\x24\x8c\x38\x09\xc7\xc6\x41\x09\xf9\xd3\xe8\x7d\xa3\x26"
	"\x4e\x59\xdd\xf5\x93\x9f\x28\xfa\x01\x24\x49\xa9\xca\x80\xa4\x86"
	"\x18\xb5\xb2\x67\x79\x02\x69\x29\xdb\x23\x03\xf9\xfe\xc6\xe4\xf8"
	"\xf4\x71\x34\x08\xa5\xc5\x6d\x85\x65\x05\x6c\xbd\xac\x79\x22\x08"
	"\x14\xe0\x43\xf0\xf7\x34\xcf\xe2\x2a\x37\x7f\xe0\x35\x49\x4b\xe2"
	"\x63\x5c\x43\x66\x3f\x12\x67\x97\x30\x3d\x74\x57\x62\xfa\x5b\xd8"
	"\xdc\x7a\x48\x8e\x90\x01\xce\xc1\xf5\x88\xb2\x56\x2c\x41\xdb\x18"
	"\x52\xd7\x52\x43\x49\xa3\x24\xc1\xdd\x06\xdc\x2f\x43\x36\x45\xf2"
	"\x22\x35\xd1\x5e\x5b\x14\x6f\xe4\xd8\xb5\x11\x68\x17\x52\xc8\xae"
	"\x2c\xe1\x05\xfc\xce\x29\xb8\x83\xf6\xb1\x30\xfa\x83\x84\xcd\xee"
	"\xb2\xd9\x92\x32\x63\xd2\x98\x3a\x4e\x3b\x98\x17\x40\x9a\x8c\x36"
	"\x8b\x49\x93\x67\x35\x92\xb4\xec\x5c\xad\xf0\x23\x2e\x4c\x86\xef"
	"\x13\x8a\x5f\x97\x81\x68\xe7\x65\x10\xf9\x2b\x43\xeb\xbc\xd2\x27"
	"\x52\x4e\xe8\xfe\x7b\xb6\xda\xfe\x7a\xd6\xdd\xe2\x15\x47\x60\x41"
	"\x30\x7b\x44\x8d\x04\xa2\x05\x3f\x27\xe4\x71\x25\x78\xbc\xa5\xd9"
	"\xb9\x82\x6d\xcc\x4a\xcd\x46\x82\xf0\x36\x4e\x70\x79\xfa\xba\x40"
	"\x46\x6d\x6c\xde\x94\xbc\xa0\x80\x03\x3b\x44\x67\x0a\xcd\xe3\x96"
	"\xed\xf6\xb4\xce\x7a\x74\xe9\x52\x2f\xa3\xa8\x26\x3b\xaf\x29\x36"
	"\xbe\xcf\x34\xde\x2a\x68\x43\x37\x99\x2f\xf0\xd3\xa0\x29\x16\x4d"
	"\x82\x84\x80\x4d\xc9\x6d\xc0\xdd\x7f\x9b\x9a\x42\x2e\x85\x82\xd5"
	"\x07\x97\xfe\xda\x2c\x73\x68\x95\x21\x81\x48\x1b\xf7\x3c\x16\x0c"
	"\x0a\xe2\x96\x21\xbc\x0e\xc8\x8d\x50\x7d\x41\xb2\x06\xb4\x7d\x06"
	"\x7b\x65\xa4\xdd\x62\x6f\x29\x7e\x5d\x24\x31\x0f\xbd\x21\x52\x44"
	"\xdf\xa1\x9d\xc4\x9f\xb8\xb3\xb0\xfb\x74\xad\x1c\xc4\xc6\x75\xee"
	"\xcb\xa3\x89\xb3\x3f\x5b\x5e\x5c\x62\x5f\xb9\x09\x03\x52\xd5\x10"
	"\x36\x37\x9b\xcf\x66\x35\x0a\x2b\xdc\xb9\xb5\xc9\xa2\xfb\x0d\xcf"
	"\xa4\xee\x15\x29\xfc\x46\xeb\xba\xab\xe2\x26\x76\x3c\x6b\x7d\x5d"
	"\xea\x96\xdc\xab\x12\x14\xc8\x26\x52\x89\xac\xa1\xa4\xec\x82\x53"
	"\x25\x01\xb9\xc5\x41\xb7\xce\x72\x66\x16\xb5\x8b\x01\xc9\x16\x13"
	"\xc2\x4c\x2e\xdb\x9d\xa8\x44\xab\xa6\x8b\x5d\xd5\x45\x71\x2a\x73"
	"\x36\x13\xb5\xf4\x5f\x7c\xaf\x0a\x36\x20\xd9\x18\xd7\x91\x7b\x3e"
	"\x24\x5b\x84\x16\xed\x2c\x30\x6c\xc8\xe2\x36\x36\x77\xc4\x8a\x34"
	"\x53\x5d\x1b\x92\xf4\xe7\xe1\x41\xbe\x12\x2e\x5d\xf6\x24\xe9\x8a"
	"\x28\x49\xc9\x0f\x0f\x2d\x50\x8a\xf4\x73\xbe\x12\x29\x12\x7a\x09"
	"\xff\x06\xc4\x08\xb7\xa9\xd2\xc2\x98\x07\x83\x7d\x90\xcc\x27\x49"
	"\x2e\x47\x21\x2f\x4a\x51\x63\x18\x97\x29\xe4\x3d\x14\x01\x3d\xa4"
	"\xb8\x48\xdb\xe6\x14\x51\xe4\xb4\x41\xb6\xd0\x38\x6b\x23\xf3\xc8"
	"\x19\xf8\xaa\x92\x9c\x10\x37\xd3\x9f\xfb\xe7\x6f\xfb\xe7\xe7\x7f"
	"\xcf\xdd\xeb\xf9\xd2\x71\xff\xf7\xd7\x7e\x6a\x86\x42\xa4\xa4\x9b"
	"\xe9\x9f\x87\xf7\x97\x5f\xfb\xf7\xa7\x69\xef\xf5\x22\x49\x92\xee"
	"\xd7\x61\x24\xcb\xd1\xf2\x3b\x46\x27\x20\x0a\x41\xbe\x00\x29\x00"
	"\x87\x96\x50\x4d\xc4\x23\x40\x78\xca\x01\xc1\xa6\x44\xec\xd2\x02"
	"\xc0\xe3\x43\x88\x6a\xd8\xb6\x98\xe6\xc8\xb5\x6d\x0e\x23\x10\x76"
	"\xa3\x03\xe3\x52\x15\xc4\x20\x5c\xdf\xb3\x4e\x6d\x62\x8a\xc8\x54"
	"\xa7\x54\xd8\x45\xdd\x2e\xd6\xd4\x12\xcd\x8c\xa7\xcc\xa9\xab\x1c"
	"\xc9\x73\x0e\xe4\x4d\x9d\xb0\x1f\x64\x15\x27\x71\xa5\x5c\x7b\x64"
	"\x8a\x02\x88\xab\x72\x4c\x9d\x48\x39\x1f\x14\xbf\x61\xed\xe9\x95"
	"\x51\x39\xb9\xd6\xa9\x2c\xed\x17\xa6\xa9\x9c\x4b\x00\x92\x83\xf0"
	"\xa0\x8a\xfe\x39\xbc\xd6\x99\xeb\x8c\x18\x06\x10\x73\x8c\xbb\xd8"
	"\x99\xbf\x0c\x64\x17\x31\xc6\xf2\xec\xba\x2c\xe2\x33\xe7\x4c\x04"
	"\xcf\xa3\xfb\x53\x70\x9f\x1f\x1f\x93\x47\x3e\x6b\xfb\x11\x1c\xbc"
	"\x18\x82\xb1\x16\x69\x8d\x5e\xe0\x66\x90\xe5\xdf\x7f\x0f\x40\x10"
	"\x61\x57\x84\x89\x6f\xa2\x98\xae\x18\xd0\x2c\x3d\x80\x3a\x0e\x01"
	"\x8e\x52\xf8\x1c\x66\xa5\xae\x8d\x15\xdd\x88\xdf\xc6\x48\x34\x6c"
	"\x11\x55\xa3\x64\xf1\x84\xb3\x7a\x14\x4c\x5e\x78\x02\x77\x01\x2b"
	"\xfb\x57\x11\xa2\x0c\x89\x4c\x9d\x56\xbe\x31\x82\x86\x34\x46\x72"
	"\xc5\xfc\x94\x87\x70\xf3\xbb\xaa\xcc\x7e\x9d\x8c\x1a\x26\x10\x74"
	"\x42\xce\x76\xc6\x0a\x45\x98\x3e\x23\x09\x1c\x19\x15\xe9\x9d\x95"
	"\x29\x99\xec\xd9\x6f\xe5\x62\x35\xfb\x9d\xfa\xf2\x30\xcc\xe1\x1c"
	"\x15\x02\x0c\x40\xb0\xd9\x20\xd5\x5a\xcb\x26\x7a\xa9\x25\x7f\x95"
	"\x83\xab\xe9\xae\x54\x6a\x06\x13\x53\x7e\x95\xac\x4e\x12\xf8\x61"
	"\x0a\x71\x58\x12\x49\x77\x85\x5f\xa6\x44\xc9\xbc\x3c\x29\xeb\x71"
	"\xb4\x53\x2c\x1d\xe7\xa2\xdf\x16\x0f\xb2\x75\xf1\x4b\x33\x96\xe4"
	"\xb6\x89\x92\xb8\x43\x2e\xe5\xf1\x2f\x45\xfc\xda\x8b\x2b\x43\xed"
	"\x90\xe1\x24\x4f\xb4\xdc\x1a\x3d\x98\x5f\xae\xec\x69\x60\xb2\x95"
	"\x6f\x69\x9e\xc2\x33\xa9\xb0\x6d\xd8\xdc\x35\xd1\xb8\xe2\xc0\x83"
	"\x76\x9e\x45\x7a\x1f\xa2\x6c\x31\x2d\xd9\xf3\x37\x3e\x76\x52\xc5"
	"\x87\x43\x13\x18\xd3\x4d\x8b\x54\x29\xf0\x1a\xe5\xfc\xed\x54\xca"
	"\x33\xef\x58\x3b\x8a\x31\x22\xdb\xa4\x4c\x18\xf7\x70\x9a\x38\xf3"
	"\xed\x89\x26\xe9\xe1\xe3\xc1\xb4\xd2\xd1\x20\x63\x1b\x0e\x84\x59"
	"\xa2\x8b\x64\x33\x73\x90\xee\xfa\x4b\x67\xb9\x6b\xfc\x22\x37\xab"
	"\x72\x3c\x24\x06\xcc\x35\xf3\xa1\x9a\x47\xaf\x17\x0e\xbd\x98\x99"
	"\x45\x5f\xb6\xb2\x27\x39\xe5\xb2\x33\xec\x7f\x1e\x16\x9e\xba\xf0"
	"\xe9\x35\x53\xfc\x08\x76\x79\x9e\x26\xce\xf5\x6c\xb6\xb0\x10\x9d"
	"\x19\x22\x02\x0b\x1e\x54\x0c\xb4\x5c\xda\x31\xab\xf5\xfc\xf2\xd2"
	"\x0e\xe1\x0d\xbd\x9e\x99\x95\xcf\x75\xea\xb9\x8b\xa5\xf9\x58\xd4"
	"\xa7\x73\xf7\xca\x41\x0e\xb0\x1b\x9f\x78\x97\xcb\xb9\x99\x5c\xb3"
	"\x4d\x44\x18\xd4\x9a\x90\x92\xeb\x8b\xab\x19\x72\x5a\x5a\x55\x8c"
	"\xbf\x4d\xe0\x31\x0d\xb1\xbf\x63\x9c\x7b\xc2\xe6\x85\xf9\x1b\x88"
	"\x0c\x9a\x8c\xcc\x66\xb2\x49\xfc\xa8\x63\x5f\xc4\x53\x86\x90\x13"
	"\x4a\x8c\x0f\x99\x60\x09\xbf\xd5\x2a\x1b\xdc\xfd\x8f\xfb\xda\x99"
	"\x75\x6e\x47\x5f\x6c\xf9\x98\x0e\x02\xb6\x8b\xa5\xa6\x44\x05\x82"
	"\xc2\xa6\xad\x63\x3e\x06\x3a\xd3\x97\x36\x7a\x12\x44\xc4\xbb\xb7"
	"\x21\x52\xb2\x73\xaf\x2e\xad\x95\x5c\x2f\xbc\x9d\x6b\x07\xec\x76"
	"\x17\x56\x44\xec\x57\xcd\xd5\xf5\xba\x08\xe8\xae\xc7\x84\xea\xe9"
	"\xef\xfd\xc7\x24\x7e\xfd\x38\xbe\xff\x78\xe1\x59\x87\x3f\xbe\x31"
	"\x51\xfb\x71\x72\x7c\xdf\xbf\x7e\x00\x63\x26\xcf\x87\xd7\xa7\xc9"
	"\x23\x5b\x11\x0e\xdf\xe1\x5f\x99\x51\x6c\xa0\x21\xce\xa4\xf2\x4a"
	"\x01\x62\xde\x30\x48\xd3\x4d\x45\xec\x2c\xf0\x98\xda\x4f\xc2\x22"
	"\x22\x93\x4e\x0b\x98\x3c\xbe\xfd\x7a\x7d\x7e\xdb\x77\x97\xa4\x14"
	"\x49\x0c\xdc\x22\x08\x8c\x87\xa2\x9f\x02\x22\x7e\x3d\x3e\x3d\x4f"
	"\xd2\xd8\xe3\x72\x9c\xd0\xa6\xba\x60\x65\xd4\x8b\x43\x43\xf1\x86"
	"\xed\x40\xfd\xd2\x73\x45\xeb\xb7\x8f\x23\x4a\xf4\xf6\xef\x8f\xa6"
	"\xd7\xa0\xf8\xb7\xef\xef\x6f\x6c\xc1\xfd\x78\x7b\x9f\xd0\xe3\xfe"
	"\xf8\x24\xc7\x77\xfd\x6f\x2f\xa7\xe9\xff\x48\xca\xe2\xa9\x7d\xa7"
	"\xea\xce\x9f\xdd\x5b\x23\xb6\xd4\x5d\xc2\x43\x5a\xa2\x44\x12\xd6"
	"\x9d\xf6\xa1\xcd\x58\x05\xa6\xd9\xaf\x4e\x93\x51\xa4\x0a\x6a\x78"
	"\x7e\x72\x35\xe4\x36\x53\x85\x3b\xdb\xd1\xcd\xf4\xe5\x08\xf9\x68"
	"\xa6\x6a\xa2\xc9\x8a\x5f\x73\xe5\xae\x49\xd3\xbf\x80\xfe\x73\xde"
	"\xb8\x17\xcd\xf1\x70\xdc\xbf\x4a\xf1\x0a\x60\x28\xb4\x52\x1d\x4c"
	"\x6a\x2c\x20\x2d\xaf\x8e\x22\xf9\x46\x80\x48\x56\x0d\x84\x32\xac"
	"\x0b\x9f\x98\xef\x93\xb4\x19\x9f\x21\xd7\x61\x9e\x57\x6a\x57\x12"
	"\x71\x19\x5f\x2d\xe4\x61\xc2\xc1\x48\xc6\x6f\xc5\xe9\x86\x80\x20"
	"\x6b\xa3\x62\x9a\x27\xaa\x88\xbf\xde\x80\x3e\x8a\xad\xa6\xfc\xc5"
	"\xfe\xc6\xb0\x59\xf3\x60\xc0\xa7\x21\x76\x7c\x7b\x67\x83\xe6\x3f"
	"\x93\x20\x4d\xbd\xdf\x26\x19\x53\xee\x7f\x9b\x7c\xef\x32\xc3\x9d"
	"\xad\x0c\x50\x5d\x54\x08\x17\x15\xf6\xe6\xb3\x4d\x56\xae\x65\xb2"
	"\x7a\x7e\x7b\xf8\x6b\x52\xed\xbf\xaa\x0f\x8a\x64\x6e\x95\x1a\x43"
	"\x85\x67\x83\xca\x45\x30\x65\xd3\xf0\x80\x4f\xc2\xd6\x75\xa1\x1b"
	"\x9e\xe3\x57\xfe\x36\x61\x0a\x1f\x6b\xe9\x6a\x7f\x64\x93\xfd\x9f"
	"\xc9\xbf\x26\xc9\xdb\xaf\x36\xaa\xe0\xfb\xd3\x33\x9b\x07\x8f\x10"
	"\x29\xf5\xcf\xc3\xd7\x0f\xb5\x11\xf0\xd8\x29\xdc\x9d\x36\xd6\x80"
	"\xd4\xbf\xd4\x7d\x26\xad\x21\xba\x4f\xc5\xf6\xd6\x05\x3e\x7c\x54"
	"\xe0\x72\x2c\xd0\x1d\x0b\xbc\x1c\x0b\xbc\x1a\x0b\xbc\xc6\xd8\xae"
	"\xc1\x0a\x3b\x53\xae\x67\x23\x5f\xb8\xc0\x99\xc2\x46\xf4\xaa\xf6"
	"\xf0\xb4\x61\xa4\xde\x11\xdf\x83\x03\x83\x10\x69\x34\x04\xa6\xe5"
	"\x67\x09\xde\x1a\x84\xd4\xb2\x81\x2b\x18\x4c\x16\xa8\x14\xef\x62"
	"\x6e\x64\xcb\xb9\x65\x6e\x45\xaa\xfe\xe7\x06\x83\xe5\x26\x0c\x9c"
	"\x2b\x9e\x3a\xb8\xcc\x13\x9b\x35\x3c\x0d\x7d\xde\xaf\xcb\x9e\x22"
	"\xaf\x01\x5c\x0e\x90\x5b\xd1\x95\x75\xad\xb5\xd1\xb0\x9e\x9c\x70"
	"\x61\xa2\x9e\xfa\x4b\xa4\x32\x5a\x99\xaf\x80\x9e\x30\x4a\x9e\x61"
	"\x51\x98\xf8\xb9\xf1\x8b\x6f\x4b\x52\x34\x6b\x92\x58\x3f\x37\x4a"
	"\x6c\x45\xc8\x38\x2b\xea\xaa\xc9\xeb\x0a\xfe\x78\x75\xc9\x73\x0e"
	"\xb4\xcb\x09\xfa\xec\xe9\xa4\xac\x63\xc9\xd0\x03\x6d\xa8\xd3\x5d"
	"\xd5\xf2\x0d\x19\x34\x3c\xf5\x2b\xc7\xaa\x43\x84\x14\xb5\x94\xb8"
	"\xc3\x48\xd3\x92\xb7\x4b\x94\xb2\x32\x1d\x59\x49\x80\xd4\x4f\x88"
	"\xa9\x07\x7d\xe4\xa6\xa8\x8d\xaf\xd8\x70\x33\x9d\x16\x20\x56\xa2"
	"\x07\xdc\xe4\x65\x7d\x43\x3f\x22\x27\xe7\x5b\x55\xe4\xbe\xa1\x88"
	"\xad\xfd\x5a\x4b\xe0\xf9\x94\xd2\x4d\xbf\xf4\x36\x2f\x73\xb5\x94"
	"\xdf\xa6\xf1\x4c\x8c\xae\xb3\x38\xbc\x37\x11\x68\xb2\xf2\x7a\x93"
	"\x93\x95\x35\x69\xaa\x2b\x10\xf2\xeb\xd9\x4e\x1b\xe9\x35\x6d\xe5"
	"\x10\xb6\x50\x72\x97\x53\x11\xaa\x1f\x42\xa3\xe8\x2f\x01\xe2\x66"
	"\x8e\xd4\xcf\x89\xb2\xbb\x56\x4d\x2b\x26\x31\xb7\xa1\xe5\xd7\x7e"
	"\x1a\xdf\x4c\xa7\x6a\x7d\x50\x38\x38\x5c\x39\x68\xe1\x0f\x7c\xb2"
	"\x6a\x1d\x94\x29\x5b\xe1\x0a\xc2\xb4\x7d\xc2\xf4\x09\x2f\xf5\xfb"
	"\x13\x95\x96\xc8\xe3\xb4\x48\xab\x2d\xd1\x78\x01\x22\x84\x98\x2c"
	"\x22\x48\xb9\x46\x85\x50\xc7\xab\x08\xd9\x1b\x81\x1a\x51\x11\x0e"
	"\xdb\xde\x72\x19\xd9\x66\x31\xbe\x99\xfe\x9c\x4f\xfb\xf5\xf1\xd4"
	"\x8c\xd7\xb8\x44\x23\x20\x5a\x76\x43\x03\x40\x4b\x60\x28\x51\x2e"
	"\x17\x83\xb5\x5f\x5e\x0e\x42\xae\x96\x43\x10\x2d\x43\xa5\x90\xbd"
	"\x7e\x3c\x1f\x0f\xe9\xd3\xe3\x61\xff\xdb\xc4\x3f\x7c\x7c\x7f\xde"
	"\xff\xf3\x1b\x13\xfc\x5f\x98\xd6\x22\xc5\xca\x55\x06\x55\x9c\x46"
	"\x42\xef\xb9\x99\x7e\x2c\xff\xfa\xfa\xe2\x34\x2f\x87\xef\x87\xe6"
	"\x7d\xff\x6b\xc2\x7e\x2f\x9e\x5d\xe9\xf7\xfb\xd5\x85\xfb\x78\xfe"
	"\xfd\xf5\x61\x39\x5b\x2c\xe5\xdf\x33\xe7\x65\xfe\x87\x28\x78\x79"
	"\x7b\x7d\x9b\x9a\x5f\xe9\x81\x51\x8b\x8d\x33\xbf\xdc\xdc\x4c\x57"
	"\xa5\xb7\x9a\x2d\x9c\x68\xfb\xa5\x59\x4c\x22\xa6\xe2\x3e\x2c\x9c"
	"\xfd\xe4\x61\x7f\x64\xff\xcd\xdd\xe9\x7f\xe9\x9b\x67\xec\x07\x79"
	"\x03\x01\x1d\xcd\xab\x27\xdd\x14\x90\xcd\x35\xad\x82\x00\x5b\x25"
	"\x61\x17\xba\x72\x9a\x95\x1f\x61\xb3\x9c\x4d\x5d\xa6\xb6\xc5\xf2"
	"\x2d\x5f\xb5\xbc\x29\xa9\x67\x7e\xbf\x84\xf1\x0b\xb4\x09\x12\xaa"
	"\xa2\xe1\xe0\xf4\x95\xe0\x51\x50\x84\x43\x2b\xef\x19\x1d\xfa\x83"
	"\xad\xdc\x8e\x6a\x65\x40\x3e\xd5\x4a\x36\xe1\xc7\x37\x32\x0d\x57"
	"\x23\x5a\x50\xf8\x64\xb8\x4a\x18\x56\x8a\x1f\x87\x78\x5e\x0b\xa4"
	"\xd7\x23\x82\xc6\x5f\xf5\x56\x56\xb6\xfa\xdd\x99\x2f\x4e\x74\xd4"
	"\x5e\x73\xe1\x89\x8a\xac\x2c\x8f\x34\xe9\x2a\xdf\xa9\x0e\x39\x5c"
	"\x51\x39\xcd\x42\xd9\x77\x00\x32\xf1\xb0\xed\xeb\x44\x34\xdd\x81"
	"\xe9\x68\xdd\x1c\x13\xbd\x32\x30\x81\x90\x8a\xf5\x66\x8e\xf8\x87"
	"\x70\x48\x9a\x6e\x9a\xcd\x72\xb1\xb3\x61\x08\xa9\xd9\xfe\x35\x02"
	"\xe3\x38\x38\xcf\x45\x5b\x9c\x9d\xb1\x99\x35\x90\xec\xcd\x1c\x84"
	"\xf0\x17\x5c\xcc\x07\x1b\x39\x1b\x7e\x91\xe3\x8c\xe8\x6a\x30\xc0"
	"\x8f\x0d\xf0\x0c\x8b\x90\x2d\x31\x7f\x24\x68\x87\xb3\xb6\x73\xce"
	"\x11\xa9\x47\x32\x56\x78\x33\xdd\xef\x8f\xcd\xcf\x85\xf3\xf7\x54"
	"\xc7\xf2\x91\x33\xeb\xad\xfc\x66\xdc\x9c\xe3\xe4\x1d\xc1\x8c\x73"
	"\x18\x4e\xdd\x29\xcc\xb8\xc5\xcd\xd4\xb2\x63\xc8\xc8\x0b\x40\x2a"
	"\x7b\x8d\x19\xb7\x84\x39\x6c\xec\x62\xe3\x60\xa4\x39\x4e\x72\x70"
	"\xd2\x02\x27\x5d\xe0\xa4\xa5\x20\xf5\x86\x87\x4f\x0a\x9e\x2f\x2b"
	"\x8d\x8d\xde\x45\xe7\x39\xce\x64\xef\x90\xea\xab\xce\xef\x45\x80"
	"\xed\x64\x94\x89\x7d\x62\xad\x51\x25\x08\xcf\x24\xe0\xaa\x9b\x34"
	"\xc3\xdc\x4c\x8f\x8f\x17\xf3\xe5\xac\xf9\xf6\xf8\xbd\x79\xfc\x38"
	"\x34\xcf\x2f\x0b\xd7\xb9\xbc\x98\x1c\x9e\x0f\xd7\x57\x57\xce\xeb"
	"\x89\xf0\xf3\xf1\xad\x61\x85\xc7\xa7\xbf\x3a\xcc\xb4\xf7\xc6\xf6"
	"\xdc\xbf\x81\x93\x4f\xcb\x4a\x4e\x53\xcf\xa7\x3e\x64\xf9\x51\x83"
	"\x39\xb6\xe5\x7e\x51\x23\xc6\x5b\x41\x4f\xfd\x2c\x0e\x6c\x00\x3f"
	"\xff\x62\xa5\xa7\x84\xde\x8a\x34\xe6\xd6\x5a\xee\xd9\xcc\x62\x2a"
	"\x87\xfe\xc5\x94\x4e\x23\x57\x91\x80\xc4\xc5\x98\x1d\x26\x63\x32"
	"\x66\x41\x40\x88\x18\x84\xa4\x32\xaf\x44\x82\xa5\xe9\xcc\xc0\xd3"
	"\x1e\xac\x59\x6f\xd1\x97\x8a\x9c\x64\x5e\xce\xbe\x6f\x69\xf9\x02"
	"\x50\xef\x3a\x88\xa3\x35\xdb\x12\x21\x05\xd0\x54\x26\x6c\x63\xbf"
	"\x5a\xdf\x4c\x2f\x9d\x99\x2e\xdc\x01\x75\xc7\x5b\xd9\x2f\xbf\xef"
	"\xb7\x9e\xb0\x46\x0f\x49\x14\xb9\x6f\x85\x80\x0f\x20\xcf\xf3\x06"
	"\xe3\x55\x68\xfc\x78\x55\xe2\xf8\x1b\x0c\x9f\x3c\xc1\xe5\x90\x2c"
	"\x93\x67\xb4\x4e\xc1\xeb\x85\x94\x3c\x84\xb2\xb0\xcc\x0e\x48\x20"
	"\x05\x5c\x77\x4a\xf2\x52\x98\x63\xa7\x3e\x93\x5b\xb4\x5e\xfb\x65"
	"\xb0\x98\x0d\xbe\xdd\xdf\x31\x8d\x0d\xa2\x45\xfb\xc5\x20\xb6\x95"
	"\x66\x37\x7e\xce\xdf\x3a\x84\x63\x32\x48\x0f\x27\x8f\x4b\xee\xf1"
	"\x53\x94\x71\xd6\x5b\x34\x36\x3e\x13\xbf\xc3\x14\xeb\xbb\x5f\x83"
	"\x44\xcf\x7a\x0c\x5c\xee\xc4\xb9\x99\x8c\x48\xd3\xa2\xcc\x79\xce"
	"\xbd\xbe\x4c\xda\x91\xf4\x97\xae\xe3\x30\xde\xf9\x74\x98\x0d\xdd"
	"\x84\x0c\x0b\x49\xf7\x1e\x21\x30\x76\xf7\x81\x51\x39\x19\x5c\x70"
	"\xe2\x80\xa7\x8c\x34\x43\xbc\xfa\x64\xa5\x7e\x7a\xfd\x78\x53\xb3"
	"\x32\x08\xb5\x45\xac\xdd\xd6\xb6\xb4\x20\xb0\x1d\xc7\x60\x50\x82"
	"\x1c\x9b\xd3\xc7\x1f\x2f\x2f\xff\xc8\xfb\x85\xb2\x42\xf3\x2b\x00"
	"\x41\x99\xa7\x41\x85\x2c\x56\x7c\x9e\x01\x6a\x5d\xe3\x4b\xd1\x2a"
	"\x8d\xd9\x2c\x47\x7d\x31\xf9\x4a\x13\xd3\x85\x0f\xd7\x12\xf1\xb5"
	"\x25\xf5\x16\x17\x73\x7b\x2d\x00\x59\xe0\xca\x71\x5a\xd4\xee\x6c"
	"\x39\x8b\x2c\x0d\x25\xce\x0e\x91\xb3\x54\xc6\x24\xb4\xa0\x16\x53"
	"\x2f\xc4\x7a\xe4\x56\xbb\x21\x24\x50\x6d\xac\xf3\xd2\x85\xbb\xb4"
	"\xd8\xc3\x93\xaa\x5c\xcc\x16\x36\xf2\x72\x89\xdb\x22\x68\x75\xbb"
	"\xd8\xcd\x77\x28\xdb\xd5\x4e\x47\xf7\x65\x4e\xbd\xbc\xc0\x57\x00"
	"\x40\x0c\x0f\x84\xe8\xde\xfa\x11\xe3\x2a\x9a\xcf\xe6\xb3\xc1\xaf"
	"\x78\x3f\x8a\xff\x29\x89\xb2\xa0\xb2\x8c\x60\xb5\x8f\x83\x70\xde"
	"\x02\x12\xd9\x7a\x49\x6e\xd3\xd9\xf5\xf5\x7c\x69\x1d\xcd\x2d\x08"
	"\xff\xb2\xeb\xad\xe6\x6b\x84\xb4\x78\x45\x86\xe6\x27\x20\xec\x5f"
	"\xa5\x70\xae\x66\x23\x07\x01\x4f\x3f\xc3\x57\xb3\x9e\xbe\xa8\x2d"
	"\x0a\x02\x87\xbd\x58\xad\xb5\x5d\x9b\xc2\x9a\xc6\xa3\x3a\x1d\x95"
	"\x1b\x5b\x03\x34\x70\xfa\x19\xf4\x67\xb0\x90\x2c\x90\x94\x7c\xfd"
	"\xfb\x44\x73\x20\xcd\xa8\x9d\x81\xea\x03\x79\x09\xb9\xce\x7a\xb1"
	"\xcf\x11\x74\x9d\x31\x61\x2d\x86\x45\x79\xfc\x1b\xda\x67\x60\xfa"
	"\x7e\xfa\x21\x36\x19\x86\xc6\xc2\x19\x69\x1b\x86\x52\x23\x6c\xb0"
	"\x08\x34\x9a\xbc\xda\x04\x9e\x0d\xc5\x85\xd5\x01\x4c\xc4\x1a\x34"
	"\x5c\x53\xfb\xb9\x6c\x90\xd3\x30\xb0\x81\xc4\x57\x1c\xc1\x00\x4b"
	"\x3d\xda\xa4\xa9\x82\x42\xb8\xee\x8d\x5a\xda\x68\x1c\x65\xfc\x02"
	"\x54\xc6\x56\xc5\x1c\x1d\x4d\x62\x5f\x08\x0a\x80\x8f\x6c\x47\x5c"
	"\xd5\x64\xa0\x3e\x62\xed\x79\x9c\x15\xb7\x36\x3a\xdc\x3c\xb1\x7e"
	"\xa3\xc4\xbe\x20\x67\x14\x8e\x07\x18\x77\x93\xc6\x86\x2b\x62\xef"
	"\xb6\x2e\x6c\x88\x56\xc1\x94\x66\xa4\xb5\x42\xc1\xe6\x6e\x2b\xb2"
	"\x21\xab\x38\xa9\x04\xcc\x86\x02\xb7\x5e\x6b\x35\x94\x94\xcd\x67"
	"\x56\xdc\x71\xd8\x55\x0c\x3b\x0c\x38\x89\x0f\x4c\x74\xae\x01\xcc"
	"\xf1\x2d\x2d\x6c\x12\x9a\xba\x3e\xe5\x42\x71\x9e\xf9\xa4\xc4\x37"
	"\x71\x7b\x03\xdb\xea\xf8\x1d\x02\x4f\x73\xf0\x11\xe7\x14\x6f\x8f"
	"\x4f\x2f\x93\x7f\x41\xf0\xa9\xd7\xa7\x87\xe3\xe1\xe7\xe1\xf8\x8f"
	"\xea\x4d\xe1\xe5\xe9\xaa\x77\x4a\xcc\x0b\x4f\xe7\xfd\xae\x33\xb3"
	"\xe8\x6f\x2a\xf2\x6a\x1c\xf2\xd2\x75\xc7\x23\x17\x63\xdf\xbe\x18"
	"\xdd\x4e\xc4\xa8\xa9\x21\x41\x39\xbd\xa7\x8d\x7b\x69\xf1\xd9\x30"
	"\xc1\xc7\xb5\xf8\x5c\xfb\xd5\xe7\xe0\xd7\x9f\x6b\xcc\xf2\x73\xf0"
	"\xf9\x27\xe0\x57\x73\xf7\xf2\x73\xf0\xcf\x74\x75\x71\xed\x7e\x8e"
	"\xef\x97\xf3\x4f\xc1\x17\x9f\x64\xe4\xe7\x3e\x93\x7a\xb0\x68\x07"
	"\x1b\x4e\x39\x4d\xa8\xcb\x4f\x8d\x2b\xdb\xd1\xa6\x09\x7e\xbd\x18"
	"\x6c\xf0\xcd\x54\x6a\xf1\xb4\x8f\x01\x5f\x3f\x7e\x66\xd8\x3f\xe3"
	"\x11\x75\xe4\x69\x6a\x7d\xc9\xaa\x32\xf3\x81\x64\x95\xf5\xb9\x48"
	"\xbe\xb6\x7f\x2e\xde\xb2\x9d\xbe\x77\xb0\x4e\x28\x2d\xf2\x98\x6d"
	"\xff\xe5\x7c\xd8\xfd\xe4\x0c\x76\x06\x0c\x0b\xf0\x2e\xa6\x7a\x23"
	"\xc7\x95\xfe\xda\x2b\x36\xae\xd7\xb5\x48\xb5\x80\x65\x4c\x43\x0d"
	"\x9a\xd8\xf7\x4c\xc7\x73\x91\xd1\x85\x5a\xb8\xf1\x51\xec\x3c\x0f"
	"\x48\x90\xa5\x9c\x07\x46\xa0\x41\x55\x99\x63\x86\x75\xd0\x20\xd5"
	"\x1a\x15\x8a\x9b\xf9\x7a\x61\x3b\x08\xf8\x0a\x3a\x67\xbf\xb5\x8f"
	"\xcc\x00\xcb\xd9\xed\xfa\xcb\xb0\x2d\x2d\x80\xcc\x69\xa7\x24\x8b"
	"\x63\xac\x84\x70\xd4\xbc\x58\x2c\x2e\xc5\xa0\x1d\xb0\x37\x41\x92"
	"\x00\xee\xda\xe3\xb7\x17\x7b\x21\xbe\x21\x1f\x97\x9a\x49\xc9\x8b"
	"\xbb\x5b\x72\x2a\x25\xf5\x4f\x63\xe3\xc6\x71\x54\xca\xc2\x6c\x75"
	"\xe3\xf1\x1d\xbc\x34\xd3\x38\x19\x88\x97\x70\xe7\x5a\x13\xc5\x4b"
	"\xfc\x94\xf4\xbc\x46\x05\xc9\x8b\x51\x27\x39\x01\x70\x7a\x5e\x2f"
	"\x34\x86\xdb\xc0\x5e\xe7\x38\xc5\xc4\x2e\x7e\xb1\x87\xc7\x45\xc5"
	"\xdd\xa7\x52\x48\xad\x69\xe2\x03\x2d\xe3\x04\x31\xc7\xf1\x4f\xa2"
	"\xb9\x18\xad\xaa\x38\xd4\x19\x79\x36\xad\xea\x37\xd5\x47\x7c\x49"
	"\x0e\x4b\x6e\x57\x75\xd8\xfa\xef\x9d\x4d\x80\x0f\x3f\xde\x15\x61"
	"\xa6\x0a\x82\xa8\x8c\x69\xa3\x3a\x24\xc8\xc2\x25\x23\x44\xc6\xc6"
	"\x54\x25\x08\x7a\x19\x93\xec\xaa\x60\x60\x30\xc6\x1e\x63\x24\xc0"
	"\x07\xa1\x1c\xd5\x8a\x8e\x55\x30\x68\xd1\x66\xd5\xc2\xb5\x06\xc4"
	"\xd9\x82\x5f\x99\xc7\xe9\x5b\xf0\x3f\x50\xa9\xaa\x8c\x48\x8a\x42"
	"\x7e\x1a\x17\x37\xc1\x04\x3c\x1a\xd8\xde\xc5\x44\xf0\x32\xeb\x81"
	"\x17\x02\xc9\xef\x6d\xd4\x2b\xe1\x66\x7d\xba\xea\xfc\x65\x72\xfb"
	"\xfe\xf4\xa4\x4a\xa6\xe2\x83\x9f\xcd\xc2\x6a\x97\xa3\x2f\xcd\xad"
	"\xb8\xda\x77\x5e\x29\xbf\x70\x7f\xba\x6d\x5c\xad\x9b\xf4\xa2\xc6"
	"\xf5\xa4\xd3\x02\xc5\xbb\xd1\x13\x9a\x59\x6b\xaa\xf7\x1f\x1f\xf2"
	"\xe0\x62\x8f\x68\xc1\xb9\xd3\x0a\x0a\x79\xc7\xee\x85\x0b\x5f\x88"
	"\x1b\x38\x33\x46\x4f\x48\xb3\x19\xe6\x2b\x1f\x29\x24\xc3\x02\x67"
	"\x9e\x06\x79\x1d\xa3\xf6\xed\xce\xce\xbe\xc5\x46\x03\xb8\xf7\xc0"
	"\xd1\x44\xda\x64\x1b\xb8\xdb\xc6\x36\x57\x58\x87\x18\x8b\x31\x27"
	"\xc6\xcd\xca\x99\x61\xb5\xc5\x4c\xf9\xcb\x79\xd0\x06\xf3\x20\xe7"
	"\x2c\xcd\x8f\xdf\x9e\xde\x27\xc5\xd3\xfb\xe1\x3b\xfb\x67\xff\xac"
	"\xb9\x74\x33\x65\xdf\x57\xf3\xdf\x89\x92\x26\x88\x8d\x1b\xbf\x44"
	"\x55\xef\x6e\xb6\x84\xee\xf3\x02\x60\x66\xa8\x56\xa6\xcf\xb1\x3b"
	"\x4c\x32\x70\x15\xf7\x9a\x72\xbe\xac\x15\x10\x9f\xf2\xcc\x1e\x31"
	"\x4f\xd8\xeb\xf9\xbe\x15\xd7\xd5\x19\xc2\x49\x74\x91\x63\xe9\xdf"
	"\x45\x03\x0a\xc6\x5e\xba\x25\xc5\x10\xa6\x64\x9a\x64\x94\xe1\xb9"
	"\x01\xc3\xbc\x2e\x79\xeb\xda\x56\xfc\x3f\x65\x57\xd2\xe4\x36\x8e"
	"\xac\xef\xef\x57\x28\xfa\xd4\x1d\x31\x3d\x43\x52\x1b\xeb\xd0\x07"
	"\x08\xa4\x24\xb4\xb8\x99\x00\x25\x56\x5d\x18\xd5\xb6\xa6\x5d\x31"
	"\x6e\xdb\xaf\x5c\x8e\x71\xff\xfb\x41\x02\x94\x44\x80\x48\x92\x3a"
	"\x78\x11\xf2\x23\xf6\x25\x13\xc8\xc5\x18\xc5\x5c\xf2\x09\x95\x32"
	"\xe1\x1f\xd1\xe0\xbd\x00\x41\x1f\x77\x78\x26\x03\x33\x0e\x91\xda"
	"\xe4\x6a\x2f\xe8\xa6\x61\xee\x2e\x11\x7c\x4e\x82\x60\x19\xb7\x2d"
	"\xc1\x2f\x1c\xe4\x34\xa5\xd8\x7b\x18\xd0\x9a\x13\xb1\xf8\xad\xcd"
	"\x4e\xe4\x3d\x7d\xf7\x64\x4e\xd5\x43\x23\xae\xbe\x9e\xb2\x21\x5a"
	"\xb3\x39\x25\x83\xf4\xb4\xa8\x30\x36\x4b\x9e\x2e\x3d\x6d\x24\x48"
	"\x3c\xce\x5d\x9a\x03\x5a\x4f\x1e\x67\xa0\x16\x58\x39\x05\x8f\x2b"
	"\x78\xa2\x5c\x54\xbd\x85\x4a\xe3\xbe\x49\x5d\xb7\x48\xb1\xbd\xf9"
	"\x55\xe9\x76\x5a\x9c\xf5\x54\x21\x20\x4d\x29\xdf\x6b\x65\x53\xfc"
	"\x4e\x10\x70\xca\xee\x53\xfd\x6f\x6c\xf7\x53\xa0\x4d\x25\x99\xcb"
	"\xd5\x72\x82\x22\x5c\x07\xfe\x30\x15\x4e\xa2\x65\x18\x78\x77\xa1"
	"\xe7\xf7\x60\x27\xe7\x7c\x58\xcf\x17\xcb\x7b\xd0\x6b\xff\x8e\x2e"
	"\x59\x04\x8b\xbb\xd0\x0f\xf7\xa0\xd7\x8b\xe5\xee\xf4\x34\xf5\x8b"
	"\xe8\xf4\x10\x7a\xde\xe9\x0e\xf8\xda\x0f\xef\x43\xf3\xbb\xe0\x8b"
	"\x3b\xd1\xd3\x9b\x79\x57\xd6\x61\x00\xc3\x0f\x5a\x91\x29\xad\x06"
	"\xbf\xea\x28\x50\x4a\xe8\x70\xc6\x09\x0d\x65\x3d\x82\x60\x6a\x45"
	"\x14\x3e\xf0\xef\xc6\xd7\xd1\x9d\x5f\x4c\xee\x9a\x6d\xba\x9c\xbc"
	"\x3e\xb7\xc5\x72\xe9\x7b\xf1\xe4\xda\xa7\xe2\xa1\xf0\xfc\xf5\x54"
	"\x78\x7e\x0c\xf5\x28\x4d\x42\xeb\xbb\x5a\x25\xea\x4d\xfb\x60\x47"
	"\xb6\x9e\x37\x79\x55\x2b\x74\x70\x17\x7a\xf2\x32\x3a\x1d\x97\xbe"
	"\x4f\xc8\x98\xc6\xf3\x36\x51\x01\x97\x40\x63\xc9\x56\x5a\x59\x24"
	"\x41\x87\x3c\x74\x77\xdf\x42\x20\xa4\x9d\xff\xe0\x4f\x42\xa6\x73"
	"\xb9\x45\x4d\x46\xce\x27\x23\x17\x53\x90\xa5\x58\x2c\xbd\xe5\x34"
	"\xe4\xd2\x0b\x27\xb5\x48\x59\xd1\xad\xa6\x22\x4d\x57\x02\x38\x6e"
	"\xe5\xf5\x58\xfd\x20\xad\x3c\x6f\x39\x65\x64\x00\xea\x7b\xab\x3b"
	"\x07\x51\x9d\xed\x93\x81\x52\xfe\x46\xdc\x3d\xda\x68\xdc\xf4\xdf"
	"\x04\x16\xe3\x53\xb5\x89\x92\xa2\xc3\x77\x01\xe7\xdd\x9d\xc6\xc6"
	"\xf3\x53\xf6\xa8\xcc\xc5\x68\x81\x5c\x21\x74\x00\xad\x0f\x36\x44"
	"\x2a\x92\x93\xdb\x75\x6d\xa7\x0a\xcd\xc0\x00\x2e\x95\x22\x39\x58"
	"\x0d\x1f\x49\x52\xc5\xbf\x05\xcb\x65\xd7\x85\x2b\x3d\xe8\x9a\x5f"
	"\x44\x85\xa4\x08\x97\xc8\x1b\x84\x03\x2c\x67\xf6\x83\x1b\x0c\xb5"
	"\xd2\xec\x31\xe3\xc5\x30\xa2\x38\xa5\xc3\x00\x4c\x79\xe5\x62\x6f"
	"\xb9\x81\x6b\x8f\xb4\x90\x07\x97\xc0\xdc\xfd\xe9\x87\x6c\xb8\xfa"
	"\x74\x67\x25\x57\x5e\x38\xf7\xc9\xb0\x9e\x4c\x29\x6a\xa8\xec\xd8"
	"\xfd\xca\xc9\xb2\x97\x82\x0b\x08\x88\xad\x22\x87\xb0\x6b\x08\xa6"
	"\x2d\xba\x6d\xc3\x6f\x48\x81\xa0\x58\xdc\x36\x6e\x57\xf7\xa1\xed"
	"\x25\x86\xfc\x3d\x53\xfe\x09\xfe\x78\xfe\xf4\xfc\xf9\xfd\x79\xf6"
	"\xfc\xf9\xc3\xec\x9b\xf6\xf9\x7f\x9e\x9d\x3f\x7f\x84\x44\x30\xea"
	"\x37\x65\x5f\x08\x01\x2a\x47\x31\x81\xb0\xdc\x4d\x9c\xed\xe1\xdf"
	"\x36\x7c\x61\xb7\xba\x10\x51\x40\xdf\x98\xf6\xc5\x1a\x4d\xec\xb9"
	"\xbd\xba\xd6\x2a\xfe\x7c\x7e\xfd\xf3\xef\x19\x51\x6e\x14\xda\x28"
	"\x04\x20\x8e\x7f\xfa\x6e\xc9\xe1\x3a\x23\xd9\xce\xf6\xfa\x10\xbb"
	"\x40\x50\x30\x15\x44\xa0\xd9\xc5\xa4\xe4\xce\x52\xf7\xe7\xb7\xf3"
	"\xeb\x97\x3f\xcf\x9f\xbf\x7c\xff\xa6\x0d\xa6\x8a\x9b\x9f\x83\x4b"
	"\x25\x6e\xe5\xeb\x4c\xf7\x69\xc7\x16\xe8\x9a\xa4\x9c\xeb\xf6\xe2"
	"\x9b\x38\xc9\xb0\xa0\x7e\xf3\xbb\xae\x54\x0a\x65\x1e\x59\xc5\x19"
	"\x7d\x94\x1d\x78\x24\x25\x83\xb7\x7f\x4e\x49\xe2\xba\xef\xe8\x64"
	"\x9a\x54\xdc\x35\x08\xca\xd0\xbd\x3b\xe8\xaf\xdf\x3f\xff\x3f\xc4"
	"\x78\x98\x7d\x7b\x7b\x7e\x7b\xf9\xf6\xf6\xf2\x7e\xf6\xfe\xf9\xd3"
	"\xfb\xef\x9f\x9e\xfb\xa6\xf7\x3a\x8b\xf2\x1d\x39\xee\x9a\x83\x33"
	"\x7b\x4d\x73\x17\x4d\x8b\x0a\x3c\xdc\xb9\xc7\x43\xce\xe8\x3d\x76"
	"\x47\xa1\x94\x41\x44\x23\xf6\x65\x2e\x44\x02\x62\x9b\xeb\x92\x40"
	"\x75\xa3\x72\xff\xa4\x3a\xe0\xd2\x50\x43\x2c\x8d\x24\x84\x15\xcc"
	"\x4e\x2e\x19\xec\x8b\x2a\x9e\x86\xd6\x30\x70\x9b\xdc\xc2\xe7\x1d"
	"\x2d\xd3\xfe\xcd\x94\x1c\x1c\x5c\xc2\xae\xf8\x66\x8b\x38\x91\x06"
	"\xdf\x36\xda\x00\xb3\x1c\x90\x9a\x01\x15\x95\xc7\x66\xbe\xc2\x62"
	"\xe7\x5d\xf2\xc9\x05\x7e\xfc\x54\x44\x76\xe5\xcd\x99\xce\x70\x71"
	"\x94\x94\x5d\x4d\xdd\x61\x30\x3f\x35\xda\xb8\x7a\x58\xc3\x18\xa0"
	"\x90\x99\x07\x56\x9f\x57\xa3\x4f\xec\xf6\x4e\xbb\xb6\x92\xac\xa9"
	"\x6d\x14\x4a\xe2\xf8\xe2\x90\xb4\x4f\x20\x71\xd4\x4f\x64\x05\xc9"
	"\x4c\x3b\x73\x9d\x2e\x37\xad\xdd\xcd\xb0\xdd\xbc\xc8\x90\xe4\xb4"
	"\x04\x83\x51\x5c\x31\x45\x42\x2a\x74\x38\xd8\x56\xb9\x27\x4d\x18"
	"\x6c\x8c\xf8\x98\x55\xf3\xa8\x91\xcc\x05\xee\x7a\xf6\x8a\x92\x13"
	"\x60\x04\x70\x44\x95\x87\xd9\xa6\x33\xf0\xb7\x7e\xb8\x7d\xda\xba"
	"\x4b\xae\x82\x8b\xa7\x10\x67\xf9\x03\x13\x50\x42\xc0\xd8\x00\x1b"
	"\x4b\xd1\x33\xa6\xae\x71\x86\x2a\xa2\x26\xf1\xc6\x01\xd9\xbe\x1a"
	"\xdb\xd5\xa5\x3c\x14\xf4\x4a\xb8\x12\x9a\xa8\x90\xf5\xc3\xac\x29"
	"\x6e\x30\xd9\x04\x09\xc3\xb3\xd1\x74\x79\xee\x3a\x72\x12\xb4\xa0"
	"\x08\x33\xab\x3f\x3e\x11\xed\xec\x1d\x79\xce\x52\xdf\x2b\x3f\xeb"
	"\xe6\xf0\xe8\x65\x12\xc5\x09\x3c\xc4\x19\x51\x42\xd5\x17\xa5\xf0"
	"\xd7\xbe\xef\x5e\xcb\x2d\x00\xe5\xed\xaf\x55\x76\xf2\xe9\xaa\xf0"
	"\xa8\x39\x6e\x2a\xe5\xd7\x0a\x9e\x34\x44\x5e\x89\xdf\xfc\xa0\xc3"
	"\xf2\x49\x00\x98\x67\xb3\x6c\x9b\xa3\xfe\x77\xf7\x8c\x52\x67\xe0"
	"\x8e\x56\x25\x2b\x2d\x7a\x57\x7e\x3a\x75\xf0\x56\xb3\x85\x90\x38"
	"\x1e\x83\x70\xcb\xcb\xf0\xcd\xc5\x2c\x50\xdd\xb6\xda\x10\xfe\x24"
	"\xdd\x95\xd0\x62\x88\x0a\x6d\xbb\x88\x31\x59\x66\x79\xb2\x35\x2d"
	"\x4f\x86\x71\x71\x32\xbb\x26\xdf\x28\xdf\x8b\xd6\x2d\x65\x19\xf3"
	"\xc7\xd4\x2e\x7e\x5b\xf0\x5d\x6e\x99\x96\xda\x73\x32\xf8\x5d\x80"
	"\xee\xe6\xf0\x83\xf2\x3b\xfd\x48\xab\xbd\xd7\x9c\x5f\xff\xfd\xe5"
	"\xf5\x2f\xe0\xe6\xfe\x71\x71\x65\x03\xac\x9e\xf8\x78\x96\xa9\x9f"
	"\x2c\x67\x35\x50\xe3\xb6\x51\x3d\x19\x21\x3f\xc1\xd3\xd9\x9e\xa1"
	"\xca\x0d\xfc\xb0\xb9\x06\xbe\xb5\x1e\xc4\x4b\x79\xce\x3a\x83\x1d"
	"\xaa\x95\x02\xb6\x55\x72\x5f\x57\x9a\x5d\x1d\x67\x41\x6e\x87\x3a"
	"\x9c\xa7\xb6\xdb\x8c\x34\xe5\x96\x6f\x55\xe5\x52\xb7\x20\xbb\x98"
	"\xbb\xbd\x06\x3a\x72\x06\x53\x13\x84\x75\x1c\x88\x0a\xa0\xde\x33"
	"\xdf\xa1\x37\xd5\x24\x8b\xca\x9c\xdd\x76\xda\x56\xb9\xc1\xaa\x3f"
	"\x0a\xb2\xd4\x0d\xc1\xf2\x88\xc8\x65\x25\x07\xe8\xb1\x41\x7c\x8c"
	"\xde\x90\xf0\x37\xd8\xed\x58\x85\x95\x74\xdf\xea\x9f\x76\x11\x96"
	"\x7f\xa4\x4c\xfb\xa2\x86\xf0\x84\x92\xc1\x7a\x1a\xd6\x14\xd5\xd0"
	"\xad\x64\x40\xe5\xa2\x91\xbc\xc3\x16\x5d\xf5\xe0\x69\x38\x31\xc3"
	"\xea\x5c\x9c\x6e\x29\x07\x7d\x20\xeb\xee\x6c\x5b\x1b\xc8\xbc\x20"
	"\xea\x95\xd0\xe9\xb4\x2a\x09\xa8\x41\xc7\x97\x2c\xe1\x02\xf6\xb5"
	"\xab\x26\xc7\x60\x3d\x95\x80\x62\xcd\x34\xf8\xfa\x9a\x6e\xee\x3a"
	"\x29\x78\x98\x80\x3a\xe4\x5b\xac\xfd\x7b\x29\xf8\x6a\x2b\x24\x15"
	"\xe1\xb8\xa7\x05\x43\xf3\x63\xab\xbd\x89\x8d\x2b\xf5\x3d\x37\x0f"
	"\x04\x32\x43\xb3\xcf\x8b\xa2\x37\xb9\xae\x97\x00\xbc\x40\x1f\xdc"
	"\x0d\x4c\x91\x88\x09\x1a\x31\xfa\xf9\x1f\x7c\x53\x53\x74\x12\x76"
	"\x32\xbd\x7a\xdf\xf8\xc9\x54\xe6\xa9\xdc\x9c\x37\x10\xae\x9f\xc8"
	"\x5d\xea\x65\xd6\x3a\xe3\x9e\xbd\xce\x83\xaf\x7e\x2f\x13\xed\x28"
	"\x44\xb2\x42\x5b\x8e\x67\x28\x7b\xa7\x75\xd5\x88\xaa\x21\x55\x4d"
	"\xb9\x2c\x70\xb5\x4c\x55\x5f\xf0\x4d\xd2\x29\x07\xd5\x53\xaa\x94"
	"\x0b\x18\xac\xac\x23\xdb\xc8\x39\x90\x63\x47\x47\xb4\x8d\x6e\x61"
	"\x2a\x5a\x9f\xdf\x77\x8b\xed\x13\x25\xea\xbb\x45\xe0\xe9\xa2\xa4"
	"\x25\x2e\x25\x2c\x93\x8c\x14\x30\xd0\x6d\xd4\x0f\xec\x20\x71\xec"
	"\x49\xca\x34\x16\xa2\xc6\x51\x87\xb7\xf3\x2e\x0e\x9b\x53\x1d\x82"
	"\xcb\x8b\x92\x64\x0c\x48\x41\x4d\xd7\xea\x90\x32\xe4\x1f\xb3\x45"
	"\x28\xd7\x80\x4e\xe7\x3d\x06\xa0\x73\x6f\xd3\xa6\xa7\xe0\x34\xbc"
	"\xe7\x50\xa9\x25\xca\xd9\x33\x30\xc7\x2e\x39\x38\xf9\x98\x63\x7e"
	"\x1a\x5d\xc2\x80\x51\xc6\x99\x60\x1e\x39\x05\x1c\xc4\xc1\x61\x12"
	"\x90\xa4\xe4\x49\x2e\xc6\x29\xd0\xdd\x71\xcc\x7b\x07\xa0\x20\x14"
	"\x4a\x11\x1d\x9a\xac\x4a\x37\x72\xe7\xf5\xec\xf7\x74\xa5\x2f\xc7"
	"\x45\x6e\x6f\x8a\x26\x4d\xb9\xd2\xfe\xcd\xfb\xe1\x79\xbe\x1f\x6d"
	"\xbd\x81\x5c\xda\xb8\x2b\x3f\xfc\x1b\x48\x99\xbe\x82\xae\x3c\x04"
	"\x1d\xd8\xb2\xda\x3a\xbf\x34\x55\x49\xda\x3d\xd9\x15\xb2\x15\x79"
	"\x2e\x65\x08\x39\x09\xda\x79\x8f\x50\x5b\x9b\x03\xed\xd9\xd9\xfb"
	"\x41\xc3\x21\xd4\x4e\x4a\x44\x7e\xc7\x23\x3a\x94\xaa\x95\xe9\x22"
	"\xc9\x20\x74\x6c\x18\x2c\x15\xb7\x9e\x66\xd0\xe5\x8c\x6d\xaf\x42"
	"\x47\x8e\x79\x65\xf9\xac\x72\xa7\xa2\x4c\x46\xf6\xfe\x54\x8a\x00"
	"\xa3\xa7\x8e\x06\x21\xc7\x8e\xe5\xb4\x8b\xc5\x51\x7b\x3c\x5f\x0f"
	"\x71\x3b\xdb\x5c\x14\x03\x7a\x60\x2e\x6f\xfa\xe2\xc9\xf2\x65\x7e"
	"\x71\x96\xb1\x3b\x30\xc7\x81\x7c\x93\xa4\xe0\x3b\xc9\xf5\x36\xc5"
	"\x36\xe3\xcd\x6a\x61\x09\xc9\x06\x0a\xb4\x0f\x94\xef\x7c\x79\x64"
	"\x2a\xf7\x9b\x79\x06\x6e\xe8\x0d\xff\xa3\x1a\xc9\x4e\x4c\xbb\xa8"
	"\xff\x6d\xee\x05\x7d\x92\xbe\xd3\x98\x7b\x73\x93\xc4\x4f\x91\x26"
	"\x35\x8c\x37\x54\x32\x22\x4c\xfb\xbc\xb9\x82\xac\x61\x57\x09\x2a"
	"\x76\x97\x7b\x1b\x6e\xe9\xb2\xa2\xb2\x22\xe1\xff\xd9\x2d\x56\xb7"
	"\xa9\x66\xb4\x28\x98\x12\xdb\x28\x00\xd7\x03\xce\xc4\xa6\xbd\xcb"
	"\xbc\xad\xdf\x2e\x11\xfa\x47\xfd\x06\x57\xc0\xf2\x94\xde\x19\xab"
	"\x44\x3c\xb1\x92\x9b\xd5\x17\x88\xc3\x07\x5d\xc5\xbd\x9c\x05\x49"
	"\xe5\x6e\x98\xbe\x1f\xd7\xfd\xd1\x4f\xbc\xb4\xd9\xb7\xb3\x7c\x47"
	"\x5b\x8f\xef\xa0\x7c\x46\x0f\xf0\x26\x92\x49\x01\x03\x2e\xbf\x07"
	"\x2a\x82\x3f\x0d\xc9\x32\xb9\x15\xdd\xa1\xf7\x6d\x91\xe4\x92\xd1"
	"\x7f\x22\xae\xc3\xee\xa2\x5c\x77\xe1\x93\x16\x08\x01\x82\x86\x41"
	"\x67\xfe\xb4\xf8\x67\xf0\xcf\x9b\x1b\x06\x5d\x04\x2d\x2a\xc5\x3a"
	"\x4a\xa6\x36\xe3\xcc\x9c\x8e\x97\x55\x20\x7b\xda\xec\x7a\xf8\x10"
	"\x64\x2b\x79\x74\xec\x4a\x5c\x34\x90\x0d\xcc\x4e\x88\x9a\xa1\xce"
	"\xe4\x20\xf6\x25\x28\x78\x35\x59\x0e\x61\xbe\x9c\x67\xba\x85\xe4"
	"\x69\xd1\x3e\x78\xb4\xae\x8a\x39\x6b\x5d\xc0\x77\x5c\x64\x5f\x2f"
	"\xc7\x39\x83\x8b\xad\x6e\xed\x4b\x22\x05\x2d\x88\xb3\xe0\x0c\x32"
	"\x23\x3f\xe8\x5e\xd8\xcb\xcf\x2d\x75\x67\x95\xd6\x06\x16\x74\x5f"
	"\x7d\xa8\x32\xdf\xb9\x82\xc4\x76\x11\x2a\x32\x85\xf2\xd9\x72\x6b"
	"\x46\x5b\xff\xd9\xdb\xdf\x5f\xcf\xb3\x9f\x3f\xbc\x7c\xfb\xcf\x3f"
	"\x66\x6f\xcf\x5f\xa5\xd8\x4e\xa3\x5f\xe5\xb2\xf8\xe5\xd6\xb2\x8b"
	"\x47\x7d\x6e\xb4\x8d\xee\x4b\x9d\x8a\xe8\x65\xb4\xe4\x9c\x23\x80"
	"\x6b\xae\xe5\xe0\xf7\x7c\x37\x4c\x46\xee\x98\x55\xbb\xe1\x9c\x12"
	"\x72\x13\xe0\x38\xc4\x11\x88\xa8\x4b\xe6\x14\xe2\x45\xb6\x1c\xe2"
	"\xad\xf3\xc4\xc5\x11\xb8\x19\x09\x40\x7d\x51\xb0\xfe\x88\x9b\x90"
	"\x2d\x1d\x43\x30\xf5\xf7\x08\x88\x13\x3e\x05\x92\xb0\x8d\xfc\x67"
	"\x00\x53\x16\x83\x53\x14\xae\x62\x12\x08\xa0\x67\x04\xb2\x57\x14"
	"\x81\x05\x98\x57\x54\xb5\xc7\x29\x67\x41\x58\xce\xd5\x96\xef\x69"
	"\x64\xad\x01\x9d\x78\x73\x8d\x6d\xaf\x07\x49\x6f\xa2\x13\x95\x85"
	"\x5f\x31\xd8\x11\x8e\xc9\x67\x40\xd0\xee\x9a\xe1\x4d\xc7\x3c\xaa"
	"\xae\x65\x28\xc3\x41\xf4\xad\x41\x22\x5a\xd1\x78\xa0\x67\x0f\xfb"
	"\x62\x33\xd0\xf6\x76\x87\xef\x95\x8e\xef\xe2\x8a\xac\x83\x60\x0c"
	"\x4d\x69\x3d\x5e\x4d\x41\x53\xca\x08\x0e\x8c\x06\x96\x4e\xce\x41"
	"\x24\x94\x7b\x34\x22\x36\xaa\x08\x5f\x05\x04\xf1\x70\x0d\x14\x11"
	"\x2e\xce\xc7\x74\xe4\x79\x59\xff\x29\x12\xaf\x44\x31\x80\x03\xa1"
	"\x4a\xa2\x54\x39\x0f\x97\x7c\x5d\x3f\x62\x49\x94\x9a\x37\x74\xc8"
	"\x1e\xd9\x45\x60\x77\x6a\xaa\x98\xad\x19\x2a\xfe\x02\x6f\x27\x91"
	"\x3e\x9a\x4b\xc5\x0e\xbb\xf7\x12\xf9\x81\x1a\xeb\x9e\xed\xc1\x49"
	"\xb2\x24\xb1\xfb\x83\xcb\xfd\xdc\x21\x7e\xec\x46\x79\x6a\x78\x46"
	"\x0a\xbe\xcf\x85\x55\x21\xb1\x67\x19\x6c\xf4\x47\x06\xc7\x30\xe6"
	"\x03\x1e\x2a\x62\xf7\x6b\x97\x18\x97\x04\x23\x41\xe0\x65\xe4\x5a"
	"\x52\x52\xe1\xa4\xc3\x68\x4f\x71\x99\xa3\xb9\x02\x6b\x07\xd6\x47"
	"\xf8\xb8\x58\x01\x83\x6e\x24\x1d\xe2\xcd\xea\x87\x6d\x42\xac\x68"
	"\xc3\x37\x9a\xbe\x33\x33\x7a\xb3\xbd\x46\xdb\xc6\xd4\x48\xbe\x5c"
	"\x92\xb6\x64\x02\x3b\x81\xdc\x0e\xf2\x4c\xe9\x09\xeb\x81\xd1\x36"
	"\x18\x91\x55\xfe\xc0\xbb\x67\xa4\xa5\x3e\x65\x74\xc4\x31\x04\x48"
	"\x1a\xbb\x12\xb3\x71\xb8\xd5\x98\x1c\x37\x18\xc2\xac\x3c\x32\xa7"
	"\xf3\x93\xc1\x66\xa9\x98\x37\xea\xea\xdc\x1d\x22\xb7\x6f\x01\xc5"
	"\x98\x15\x63\x5e\xf3\xe7\xb7\x05\x9c\x67\x11\xb2\x1a\x40\xdd\xa9"
	"\x0b\x8d\xdf\x55\x24\x91\x52\xb0\xd3\xb7\xe4\x76\x63\x07\x24\x14"
	"\x31\x16\x0e\x80\x50\x34\x32\xf6\xb1\xc6\x28\x10\xde\x0c\x71\x78"
	"\xb8\xc3\xa4\x3b\x42\x79\x4c\xb1\x80\x8c\xad\x78\x8c\x91\x41\x0c"
	"\x42\x63\x39\x02\xf1\x22\x1b\x27\x6e\x16\xb5\x32\x7c\x14\xcb\x9f"
	"\xcd\x51\xf5\x7f\x29\x59\xad\xc6\xa9\xb7\x71\x8c\x95\x75\x9f\x1d"
	"\x46\x29\x43\xac\x0a\xb2\xc4\x52\x81\xd0\x4c\x0e\x84\x6f\xbd\x45"
	"\x40\xf9\x60\x46\xdd\x88\x5e\xbe\xbd\xbd\xbe\xfc\xf1\x1d\x22\x13"
	"\xf0\xff\xbe\xbc\xbd\xff\x38\x23\xaf\xef\x3f\xbe\xbc\x9d\xdf\xbf"
	"\x7d\x87\x00\x25\x57\xf8\x6d\xd4\xc1\xd5\xb3\x55\x87\xeb\x49\xc1"
	"\xf2\xd6\xe8\xae\x33\xe3\x20\x51\x47\xd5\xbb\x0d\x84\x4a\xa3\x29"
	"\x88\xeb\x72\x50\xdc\x83\xa5\x30\x4c\x6c\x08\x16\x18\xa3\xcd\x58"
	"\x3d\xbc\xe2\x5a\x78\x5d\x14\xc4\xde\x2b\xe3\x81\xec\xf6\x0c\x18"
	"\xbd\x78\xb0\x4e\x39\x15\xb1\x5b\xd7\x64\xff\x28\xb9\xb6\x0e\x5f"
	"\x74\x92\x29\xdd\x66\x27\x4a\xa5\x89\x29\x25\x3b\xeb\x41\x5c\x5f"
	"\x97\x32\x36\x83\xf4\x56\x56\x71\x74\x3e\x49\x23\xfb\xcb\x1b\x4d"
	"\x2e\xc7\x4c\x9e\xfc\x38\x40\x84\xde\xbc\x46\xc9\x72\x3c\xd6\x75"
	"\x3d\x48\x0f\xd7\x43\xf4\x32\x27\x11\xcd\x53\x14\x40\x19\x25\x11"
	"\x5e\x3d\xaa\x82\xa0\xe0\xf4\x88\xc8\x89\x35\x90\x7d\x54\x84\xf3"
	"\x70\x11\x0e\xd3\x57\x6b\x44\x15\x61\xcb\xea\x58\xf5\xad\xc1\x2f"
	"\x53\xd0\x98\x42\x73\x84\x4d\x3f\x69\xea\x13\x79\x44\x21\x89\x9c"
	"\x4f\xb1\xf0\x3d\xdf\xa7\x38\x06\xc2\x65\x23\xb4\x94\x94\x92\x27"
	"\x4c\x46\xe9\xbe\xb7\xc3\x31\x8c\x96\x71\x32\x48\xce\x95\xe1\xea"
	"\x20\x82\x83\x31\x10\x86\xc8\x94\x84\x4f\xf0\x42\xde\x0d\x7e\x2e"
	"\xc5\xf6\x04\xc2\xed\xa0\x74\xc9\xa2\x0d\xd6\x90\xa7\x1c\xef\x5f"
	"\x2e\x62\xdf\xab\x0b\xc4\xfa\xb0\x24\x72\x33\x63\x14\x1f\xe5\x23"
	"\x9c\xfb\x10\x8b\x01\xa1\xd7\x4c\x0a\xfa\x72\x07\x92\xab\x37\x28"
	"\xe1\xef\xa1\x41\x38\xf0\xf0\xe1\x61\xe9\x8c\xd7\x59\x14\x1d\xed"
	"\x15\xf9\xa3\xd9\x70\x58\x4e\x56\xa2\x64\x63\x12\xfd\x2e\xd8\x49"
	"\xb4\xd5\x08\x21\x2d\x2d\x0a\x0b\xa5\x98\x36\x33\xe2\xaf\x4c\xce"
	"\x0d\x94\x30\x8b\xcb\x93\xc0\x4a\xb9\x8a\xd5\x9d\x24\xe5\xf8\x51"
	"\x08\x63\xe9\xf0\x84\xb9\x14\x3b\x78\xb2\xa7\xa6\x16\x8b\x8a\x55"
	"\xac\x1e\x6b\xb8\xad\x5b\x44\x89\xa0\xa8\x5e\xd3\x81\x9c\x62\x81"
	"\x6b\xce\x15\xf1\x8e\xf0\x8a\x23\xda\x2b\xa5\x48\x42\x7f\xe9\x99"
	"\x35\xd1\x89\x81\x5d\x0b\xc9\x80\xac\xc3\xba\x46\x72\x92\x7f\x8c"
	"\xd0\x9a\x97\x26\x91\x3a\x0c\xfd\x75\x8d\x11\x1e\x1a\x7f\x1d\x92"
	"\x3e\x95\x46\x54\x1d\xb0\x4e\x4a\x13\xc7\xa9\x9b\x90\xd1\xd4\xae"
	"\x36\x90\xf6\x95\xec\x24\x76\x41\x20\x2d\xb8\xe4\x91\x6e\x98\x33"
	"\x93\x28\x7d\x58\x21\x11\x0c\x2f\x10\x5e\x3e\xac\x3d\x6f\x0c\x12"
	"\x7a\xde\x40\x15\x60\x09\xaf\x97\xb5\xa3\xc7\x80\xf2\xa0\x29\xbd"
	"\x6c\x77\xc9\x2a\xf0\xc8\x40\xb6\x19\xec\xbe\xa1\xe7\xfa\x16\xf6"
	"\xf6\xcd\x60\xa5\x53\xca\xd7\xe1\x7c\xb8\x61\xa5\xe4\x97\x79\xb3"
	"\x77\x47\x8a\xea\xf6\x2f\x98\x88\xc7\xe2\x66\xf4\x8f\x42\xec\xba"
	"\x2a\x17\x6b\x4b\xcc\xc1\x8f\x42\x64\xc1\x3a\xc0\x3a\x77\x13\x27"
	"\x87\xae\xb4\xad\x3e\x28\x53\xf5\xce\x6a\x17\x15\x17\x3c\xcf\x82"
	"\x30\x0c\xf1\x65\x47\x03\xff\x61\x68\x1c\x9f\x48\x55\x56\xdc\xd5"
	"\xdf\xb4\x0e\x83\xb9\xef\x35\x43\xcb\x16\x70\x07\x92\xa4\xc8\x05"
	"\xc8\x05\xf2\x4e\x1e\x26\xa7\x13\x22\x19\x5c\x40\xf2\x78\x5e\xfa"
	"\x35\x3e\x73\x59\xb1\x1f\xaa\x0a\x67\x71\x59\x12\x94\xdd\x06\xc8"
	"\x31\x59\x8d\x4c\x7b\xba\x7f\x08\x9c\xd3\xfe\x24\xb7\x95\x6e\x27"
	"\x5d\xc3\x08\x9d\x9c\x56\x16\x00\x97\x02\x41\x16\x81\xa3\xd7\x28"
	"\x95\x87\xe5\x6d\x40\x0d\x9a\x29\x32\x40\xac\x0b\xfc\x5e\x4a\x52"
	"\x57\x87\x64\xac\x34\x91\x76\x03\xa0\x77\x49\x17\x8e\xcf\x90\x1f"
	"\x4b\x9a\x6e\x2d\xfe\xd9\xf1\x29\x65\x9c\xe6\xee\x5c\x15\x57\x85"
	"\x93\x4a\xce\x8c\x3b\x4d\x58\x79\xa4\x18\x29\xae\x65\x93\x0c\x66"
	"\x9c\x6d\xe2\x52\x20\x57\xac\x29\x38\xb5\x89\xeb\xb1\x5c\xdb\x30"
	"\x81\xee\xca\x96\xc4\x3c\x6b\x0d\x9a\x66\x78\x10\x62\xf7\x81\xa1"
	"\x4b\xe8\xaa\xae\x77\xd3\x05\x82\x7f\x7a\x8c\x48\x6f\x25\x3e\x45"
	"\x7e\xe0\xf9\x23\x2d\x53\xa2\x44\x9c\x65\xc4\xb5\x8e\xf5\x8e\x77"
	"\x42\x45\x76\x29\xa6\x2a\xa7\x40\xfd\x30\xa5\x9f\x9f\xff\xf8\x74"
	"\x9e\x9d\x5e\x52\x52\xcf\x7e\xce\xce\x6f\xff\xfd\xf2\xfa\x9f\x97"
	"\xcf\x7f\xce\xbe\x7c\x05\x5d\x90\x6f\xbf\xcc\xde\xbe\x48\xf4\x79"
	"\xf6\xf6\xf1\x82\x72\xc8\x40\xd8\xb2\x67\x3c\xca\xb0\xf0\xc0\x8e"
	"\x08\x9a\x5f\xbf\xbf\xa1\x8f\x42\x2a\x10\x58\xe7\x81\x52\xc5\x05"
	"\x03\x33\x21\x3b\x6d\xbb\x05\x15\xa7\x44\x07\xdf\xee\xc8\x05\x40"
	"\x83\x3b\x01\x29\x0c\x23\x92\x03\x20\x78\x41\x4a\x1e\x1f\x52\xc4"
	"\x17\x82\x06\xa5\x44\x8a\x8c\xb5\x0d\x52\x8d\xa8\xbe\x9d\x5f\x3f"
	"\x81\x6e\xcf\xcb\xe7\xb7\xf3\xeb\xbf\x9f\xad\x10\xc7\xed\xf7\xe0"
	"\xc9\x62\xb8\x1e\xbf\xe7\x8f\x16\xc0\x20\xc7\x47\xeb\xe9\xfb\x92"
	"\x8c\xed\x2b\x9a\x7e\x88\x1f\x21\xa6\xb8\x18\x86\x28\xaf\x56\x03"
	"\x10\xa5\x66\xcb\x25\xef\x1c\x67\x8d\xa0\x49\xea\xd4\xb0\x06\x5d"
	"\xe2\x56\x21\x8f\x17\xed\xd3\x40\x67\x98\x23\x3d\xcc\xb7\x88\xa3"
	"\x76\x25\x36\x39\x29\x8d\x1b\xc1\x4b\x5a\x83\x79\x2c\xe8\x00\x8a"
	"\xe5\x12\x39\x2f\x2d\xd0\xc3\x08\x48\x1c\x90\xd8\xd7\x57\xc8\x3b"
	"\xc9\xcb\x20\x41\x98\x3b\x98\xc0\x5f\x8d\x60\x22\xd8\x99\x9a\x88"
	"\x95\x2b\xc4\xa1\xda\x15\x99\x1c\x46\x2b\x85\x5e\xbd\x18\x08\xb5"
	"\x1c\xe2\x91\xac\x04\x25\xab\x85\xbf\x1a\x05\x85\x0b\x7f\xa4\xc7"
	"\xf5\xaa\x19\x69\x5b\x1a\xce\x83\xf9\x38\x66\x3e\x1f\x2b\xab\x5e"
	"\xcf\x97\x23\xa3\x2b\x59\xc9\x11\x40\x51\xfa\x81\x3f\x8c\xc9\xe2"
	"\x93\x40\x1e\xd2\xaf\x98\xbc\x88\x33\xb8\xd4\x1d\x29\xae\x7d\xb8"
	"\x1f\x01\x89\xfc\x44\x4e\xe4\x71\x04\x55\x65\xa3\x93\x24\x97\xfb"
	"\xd7\x62\x64\x5c\xd3\x40\xaf\x76\xeb\x21\xa0\x8f\xac\xc7\x57\x0a"
	"\x25\x85\xef\xd7\x23\x13\x60\xe3\x94\x89\x6e\x23\x22\x0c\x35\xe2"
	"\x3c\x8b\xc1\xdb\x4c\x19\xab\x17\xd2\x2c\x57\xf1\xee\x10\x23\x25"
	"\x71\xca\xdd\x58\x3c\xc3\x1c\xc4\xbe\x69\xf9\xdd\xa0\xb7\xf3\xe8"
	"\x50\x44\x3a\x12\x66\x52\x94\xe0\xca\x2b\xba\xa9\xd0\x28\xd2\xa9"
	"\x84\x0c\x40\x83\xa6\x8d\xab\x69\xea\xea\x2a\x73\xa6\x06\xeb\xf9"
	"\x24\xcf\x40\xbd\x4d\x19\xf9\xca\x52\xa5\x0c\x33\x32\x97\x87\x02"
	"\x6e\x76\x8e\x25\xf4\xc8\x91\x27\x12\x17\xcc\x54\xe3\xbe\xa4\x49"
	"\x69\x87\x58\x76\x1b\x0e\xcc\x3c\x1a\x01\x44\x6c\x18\x40\xf3\x0d"
	"\xf2\xaa\x76\x85\xec\xb6\xc1\x61\x04\x51\xb2\x62\x1c\xd1\xa4\x63"
	"\xa0\x8a\xc9\xcd\x33\xcd\xc5\x30\x4c\xb1\xc7\x84\x8e\xa0\x38\x8b"
	"\xe2\x13\xcb\x22\xc4\xb7\xf4\x15\x27\x52\xe4\xec\xbb\x95\xb7\xcd"
	"\x4b\xc4\x80\xed\x8a\x39\x91\xb2\x64\xf9\x48\x51\x29\xd9\x49\xee"
	"\x1c\xe1\xeb\x6e\x15\x2f\x08\x8d\xf3\x72\x33\x01\xb5\x21\xc8\x63"
	"\xcd\x0d\x06\xd6\x13\xa3\x5d\x70\x62\x91\xfc\x31\x0c\x7a\xda\xc7"
	"\xd9\xbe\x1a\x99\x2a\x84\x2f\x3d\xdf\x1f\xc6\x00\x1b\x66\x19\x15"
	"\xda\x90\xba\x20\x1d\xc5\x0b\x23\x59\xf2\xa2\x18\xa5\xe5\x5c\xfb"
	"\x25\x16\x5c\xd1\xb9\x3b\x74\x94\xe6\xbf\xe0\xb6\xa2\xc3\x0b\xeb"
	"\xdf\xfa\x12\x81\xc6\xb4\x5b\x9d\x2e\x89\x15\x86\x78\xd3\x21\xed"
	"\x44\x57\xf0\xeb\x10\xf6\x24\x93\xac\xfd\xce\x49\x3b\x6c\xe4\x0f"
	"\xf3\xe5\xf3\x4a\x73\xdc\xf4\xd9\x30\x6d\x84\x2b\xe7\xa2\xe4\x36"
	"\x17\x78\x53\x6f\xac\xa6\x51\x54\x87\x03\x05\x85\x76\xc7\xee\xdc"
	"\x41\xf4\xa3\x2a\x29\xe7\x7d\x89\x79\x41\x67\xe5\x09\x71\xe6\x73"
	"\x2c\x2a\x84\x8d\xdd\xe6\x14\x84\x47\xba\x6f\x10\x0d\xa9\xee\x07"
	"\xdb\x09\x18\x65\x8a\x20\x7c\x7f\xe9\x4f\x83\xf2\xa4\x5e\x85\xde"
	"\x24\x6c\x26\xe6\xab\x1f\x3f\x7e\x4c\xac\xc2\x43\x5d\x4b\x86\x6b"
	"\x42\x9b\x96\x75\xb0\x9a\x08\x6b\x4e\x55\xbd\x23\x13\x2b\xb0\x5c"
	"\x21\x9c\x7c\x17\xba\x67\xa0\x6b\x8e\x39\x70\xe8\x23\xe1\xe1\x02"
	"\x2e\xfe\xc2\x75\xf8\x50\xf8\x4d\xe8\x87\xcb\x62\x3e\xb5\x47\x7c"
	"\xff\xce\x39\xb1\xdd\x47\x93\xf3\x36\xfd\x6f\x28\x81\x09\x06\x6c"
	"\xb5\x96\x6d\xbb\xc9\xc4\x66\x16\xcd\xf6\x24\x8f\xab\xc6\xed\x59"
	"\xd1\x58\x08\xa5\xe4\x44\x4b\xc1\x62\x8e\x4d\x7c\x12\xf1\x75\xb8"
	"\x18\x1f\x48\x12\xad\xb1\xb0\xb7\x3d\xd8\xc3\x38\xac\xf4\xbd\xc0"
	"\x9f\x34\x7e\xea\xea\xab\x49\x6b\x31\x8e\xac\xa4\x80\xc3\x6a\xca"
	"\xca\x51\xe8\xa6\x0a\x7c\xcf\x1f\x9f\x00\x30\x6d\xc0\xf5\x00\xa3"
	"\x59\x38\xf7\xc7\xa7\x25\x7d\x0c\xa9\x48\x77\xbe\xef\x4d\x80\x0a"
	"\x90\x93\x6d\xb5\x91\x01\xec\x62\x1a\x18\x22\x69\x15\x88\xd6\x90"
	"\xb1\x30\x48\x5a\xf0\x3d\x9b\x90\x63\x1c\x0b\x36\x0e\xda\x91\x84"
	"\xd4\x13\x61\x43\x1e\x19\x8c\xed\xa3\xfa\x9d\x09\x5e\x8d\xe2\x76"
	"\x79\x1e\xb1\xf1\xc2\x59\xc2\xe4\xb8\x8f\xe3\x76\x55\xf6\x34\xa1"
	"\x5b\x0e\x62\x1b\xf8\xc1\xf8\xa2\x88\x31\xae\xca\x04\x8d\x0f\x99"
	"\x3a\x3b\x9b\x53\xe8\x79\xfe\x44\xec\x94\x15\x26\xf7\x47\xdf\x0f"
	"\x27\x64\x29\xc5\xe7\xa5\xe7\x4d\x38\x74\x52\xee\xfb\x8b\x71\x58"
	"\x9c\x6c\x09\x87\x10\x8c\x13\xb0\xea\xc7\xf8\x00\xa7\xf5\xaa\x4a"
	"\xe4\x99\x3c\xde\x6a\x96\xc5\x35\x1b\xef\xf2\xf4\xb0\xf6\x83\x51"
	"\x94\x14\xf7\x53\xb0\x05\x1a\x1f\xe5\x48\xa8\x33\xd1\x1b\xdf\x71"
	"\xd5\xff\x4b\xd4\x61\x56\x0f\x2a\xc5\x89\xf1\x7a\x4e\xdb\x1e\x4f"
	"\x91\x50\x5a\x26\x53\x66\x8f\x7a\x23\xce\xd3\x22\xe7\x4c\xc4\xd3"
	"\x6a\xca\x44\x30\x61\xef\x15\x10\xa2\x5b\x6e\x13\xf9\x14\x64\xe0"
	"\x79\x8b\x89\xb8\xe5\x44\xdc\xf8\xba\x2e\xd3\x29\xdc\x1f\x67\x49"
	"\x4c\xa2\x09\x30\x3e\xa9\xbf\xb9\xf0\x83\x79\x30\x01\x96\x4e\x61"
	"\x3b\x79\xa5\x4c\xb3\xe6\xb6\xf8\xe1\x06\xd7\xe1\x6a\x39\xa1\x9b"
	"\x0b\xbe\x5a\x7a\xeb\xf1\x6d\xf6\x29\x16\xab\x20\x18\x9f\x09\x4f"
	"\xb8\x88\x6b\x0c\x47\xbe\x4f\xf5\xc9\x1e\xcc\x47\xf8\x22\x65\xd5"
	"\x06\xbf\x7b\x01\x25\x5a\xef\xe0\x09\x8d\x58\xa4\xad\xd4\x25\x5f"
	"\xd7\x3a\x9a\x18\xef\x20\x79\xf4\x36\x82\xa6\xc1\x24\x64\xa1\x34"
	"\x5e\x04\x4d\xa7\x9c\x5b\x10\xaf\x37\x1b\x69\x95\x84\x81\x02\x8f"
	"\x46\xfb\x9d\x47\xfc\x01\x10\x0c\xbc\x1b\xd8\x8a\x0d\xea\x6d\x2f"
	"\x4a\x5a\xdc\xe0\x46\x9e\xf2\xc5\x84\xd3\xb0\x83\x9e\x87\xf7\xa1"
	"\xf9\x3d\xf0\xc5\xc3\x7d\xe8\xbb\x32\x5f\xde\x53\xf3\xe5\x94\x33"
	"\xf3\x8a\x5e\xdd\x81\xa6\x3c\xf4\x16\x5e\x32\x19\xbf\xe5\xfe\xf4"
	"\xcc\x73\x59\xf1\xc9\x60\x22\xfc\x3b\xea\xcd\xf9\x3d\x68\x26\x16"
	"\x77\xa2\xfd\x7b\xd0\xfe\x9d\xf5\x6e\xc6\x25\x59\xc6\x65\x25\x26"
	"\xf4\xde\x93\xb2\x13\xa9\x9b\x27\x01\x5a\x37\x53\x65\x59\xe5\x43"
	"\x61\xba\x88\xdc\xf3\x5d\x65\xde\x01\x33\x4e\xfb\xef\x8a\x52\x8e"
	"\xf3\x17\xf5\xc0\xd5\xb1\x16\xcb\xa8\xdc\xc4\xd0\x9d\x51\x03\x37"
	"\x29\xf1\x91\x9e\x68\x9f\x30\xe7\xb5\x27\xb7\x6d\x81\x3d\xaa\xb4"
	"\xd5\x4c\x49\xb8\x18\xcc\x67\x57\x04\x64\x90\x0c\x3a\xc8\x71\x5c"
	"\x20\xf7\x8d\x1d\x14\x84\x8b\x1b\x7a\x2a\xeb\x40\xa3\x18\x3c\x1d"
	"\x94\x83\x1d\xc5\x9a\x12\xae\x8d\xe3\x60\xf8\x11\x96\x17\x24\x6b"
	"\x91\x43\xc0\x5a\xfc\xfe\x30\x40\x57\xfe\xa8\xe4\x6a\x1c\xca\xe3"
	"\x31\x26\xa8\x59\xa4\x46\xd0\xd4\xf7\x86\x4a\x29\xe3\x5d\x95\x80"
	"\x79\x13\x84\x00\x11\x8c\xa2\xb3\xab\xba\xbc\xe2\x3b\x3a\x6f\xa8"
	"\x15\x74\x1b\x2e\xd7\x8b\x21\xc4\x29\x1d\x1f\x4d\x00\x29\xff\x1d"
	"\x63\xc3\x08\xf7\x84\x25\x04\x17\x1f\x1d\xcd\xa8\x4e\xe6\x83\x0b"
	"\x83\xa5\x5c\x56\xbf\x1a\xec\x5c\x32\xc7\xc4\x28\x8d\x88\xca\x63"
	"\xb0\xf2\xea\xb6\x73\xf9\x18\x72\xb5\x9c\x8c\x5c\xbb\x90\xea\x7e"
	"\x69\xfb\xf2\xf9\xcf\xf3\xeb\xd7\xd7\x97\xcf\x6f\xae\x7b\x27\x75"
	"\xc1\xa5\x6e\xeb\x95\x0f\x85\x31\x87\xce\x5d\x64\x9c\x80\x6f\x83"
	"\x9f\x32\xd2\x61\xb5\xca\x94\xf5\xaf\x33\x54\x79\xfb\xe7\xd7\x0f"
	"\xca\xfd\x09\xfb\x57\x3e\xbb\xd8\x89\x5e\x55\x0c\xca\x6e\xf0\x28"
	"\xf5\x13\xfe\xb6\x9d\x16\x68\x02\x49\x37\xe4\x80\xb8\x28\xd3\x88"
	"\x84\x6d\x0a\x1e\x0c\x00\x4a\x72\x1a\xa0\xc2\x6d\x5f\x49\x9a\xe1"
	"\x2c\x0a\x70\x80\x8c\xd8\xce\xb5\xd9\x94\x74\x24\x0f\x52\x8c\xd4"
	"\x53\x3f\xee\x73\x4c\x39\x11\x95\xa2\x20\xdc\xab\x33\xb0\x0a\xfd"
	"\xf8\xfc\xfa\xfc\xfe\xed\xfc\xda\xaa\xe7\x74\x06\xc1\xd2\x31\x76"
	"\x3a\x35\xac\x32\x56\x3f\x84\x4d\x21\xba\x2e\x06\xb4\x7f\x16\x34"
	"\xb1\xf5\xa6\xe1\xaf\xcc\xc6\x91\xa4\xc9\xb4\x2d\x72\x44\x4a\xf7"
	"\x7e\x9c\x35\x3b\x8e\x30\xd1\xa5\x0a\x03\x66\x6d\x76\x97\xa2\x23"
	"\x79\xf4\xa9\x70\xd6\xb6\xf3\x53\xf0\x3d\x17\xf7\xf5\x95\xf8\xf9"
	"\xf5\xe5\xf9\x53\x47\x1d\xca\xac\x66\x4c\xca\xe4\x91\x1a\x86\xf9"
	"\x9a\x10\x06\x5d\x2d\xe7\x4e\x22\x38\x0e\x28\x63\x1d\x4a\x0c\x1c"
	"\x78\xe5\x66\x44\x8c\x2e\x72\x0b\xef\x8a\x07\xa7\xda\xcd\x0d\xd4"
	"\x73\x69\x62\x94\x95\x12\x37\x21\x2b\x95\x43\x14\xfe\x5b\xe0\xa2"
	"\x96\x72\x50\x58\x1a\x5f\x21\xce\xda\xc5\xb5\x88\xb3\x08\x39\x2e"
	"\xbb\x40\xc2\x8b\x58\x36\xf6\x58\x11\xe7\xde\x61\xb4\x98\x27\x58"
	"\x67\x44\xa7\xd1\x82\x4a\x11\x84\x61\x3d\x52\x44\x2a\x56\xcb\xf5"
	"\xda\x51\x4a\xbe\x75\x1a\x48\xeb\xdb\xf9\x2f\x9f\x7f\x85\xaf\x65"
	"\x8a\x9a\x0e\xca\xa4\xcb\xb1\x63\xb6\x59\xc1\x2e\x24\x33\xc3\x62"
	"\xae\xdb\x28\x7f\x08\x75\x99\x61\xca\x41\x09\x18\x73\xec\x31\xc7"
	"\x87\xed\x07\x92\x03\x9c\x63\x9c\xb6\x01\xa9\x87\x20\x30\x58\x89"
	"\x75\xbb\x63\x22\x4c\x07\x23\x9d\xc4\xce\x94\xb4\x73\xe5\x94\x66"
	"\x88\x41\xc8\x15\xe1\xaf\x18\x5f\xd7\x83\x95\x6b\x37\x61\xf0\xb6"
	"\x58\x61\x21\x78\x4c\xe8\x18\x8c\x6d\xeb\x55\xbd\x1a\xec\xb4\xd6"
	"\xdc\xa4\xe0\xa3\x99\x11\xc4\x6f\x70\x4b\x96\x93\xbc\x49\x8a\xb1"
	"\x4c\xe4\xaf\xb8\x06\xef\xd2\x11\xdb\x31\x2a\xb7\xab\x72\x08\x0d"
	"\x56\xdc\x1b\xec\x2d\x56\xee\xb3\xda\x09\x92\xcb\x30\xfd\x48\x6f"
	"\x11\x05\x6f\xba\xbd\x90\x4a\x5d\x2c\x5e\x6b\x0b\xe9\x18\x62\x56"
	"\xa4\x0c\xde\x92\x23\xb7\x1d\xe6\xfe\x24\x4f\xd6\x2c\x32\x95\x96"
	"\xaf\x89\xda\x2b\x22\x44\x45\x76\x6f\xea\x37\x60\xdf\x9c\xbf\x07"
	"\x81\x90\x51\xca\x6a\x41\xfb\xd8\xd4\x66\xfd\xef\x1d\xa7\x5b\xc7"
	"\xf1\xc8\xc9\xe1\xb8\xac\xe3\x95\x55\xfe\x29\x52\xcc\x0a\x29\x79"
	"\xdc\x38\x0d\x5e\xca\x22\x35\xde\xce\xe1\x37\xe8\x8a\x6c\x1b\x4c"
	"\x2d\x54\x21\x38\x73\xa8\xcd\x1a\x2f\x83\x97\x1e\x0f\x3a\x26\x3d"
	"\x20\xf4\x29\x25\x20\x70\xfc\x6a\x26\xc3\x55\x2d\x31\x19\x72\x48"
	"\xdd\x4b\xb0\x5b\xfb\x54\x52\xb5\xd3\x5d\x6d\x1d\x09\xce\xe6\xbe"
	"\x7e\x3a\xff\x90\x7d\x07\xf5\xa0\x1f\x5f\xbe\xba\x36\x3f\xf8\x8c"
	"\x94\x1b\xcd\x98\xc8\xdc\xa5\x2c\x25\x39\x42\x37\x7b\xaa\x4b\x18"
	"\x10\x09\xae\x00\xcb\x49\x70\x0f\x91\x08\xba\x98\x23\x57\xeb\x17"
	"\x4c\x41\xc9\xc3\x72\xe1\x4f\xc0\xfc\x18\xc6\xb0\xcc\xf6\xab\xd5"
	"\xc3\x60\x66\xae\x40\x8f\xe2\xa9\xb9\xa4\x49\x4d\x8b\x24\x42\x06"
	"\x67\x1f\x27\x05\x78\x1b\xad\x84\x35\xd2\x24\xd9\xe5\x1b\x76\x75"
	"\xc0\x03\xa3\x75\xe5\xad\x37\xdf\xbf\x75\x46\xed\x36\xab\xfe\xfe"
	"\xf6\x76\xfe\x6b\xf6\x87\xa4\xb6\x4c\xce\xec\xe7\xbf\xbe\x7c\x7b"
	"\xfb\xf4\xf7\xec\xfc\xd7\x1f\xe7\x0f\x1f\xce\x1f\x66\xff\x6a\x51"
	"\xbf\xca\x63\xf0\xbd\x1c\xfd\x5f\xec\x61\xa7\x24\x8a\x31\x97\xda"
	"\x8a\x0e\x86\xc0\x83\x83\x1d\xc5\x9c\xed\xb2\x13\x91\xc7\x87\xeb"
	"\x14\x36\xb0\x71\x1a\x1f\x03\x94\x6a\x17\xd3\xed\x59\x53\xb1\x10"
	"\x92\xb2\x3c\xfd\x1f\x6b\x57\xb6\xdc\x38\x8e\x6c\x7f\xc5\x8f\x33"
	"\x11\x33\xd3\xdc\x97\x1b\xd1\x0f\x10\x17\x89\x6d\x6e\x45\x50\x94"
	"\x5c\x2f\x0c\x8d\xad\xea\x76\x8c\x6d\x39\x6c\xd7\xdc\xee\xbf\xbf"
	"\x48\x80\x94\x48\x8a\x09\xd0\x8e\xfb\xe0\x2a\x1b\x79\xb0\xaf\x04"
	"\x32\x4f\x92\x30\xb9\x45\x53\x2b\x70\x95\x4e\x10\xb3\x51\xa3\x2e"
	"\x6f\xb9\x67\xa0\x20\x41\xe5\xd5\xad\x89\x8f\x71\xb6\x1a\xd4\x88"
	"\xed\x3c\x88\xc5\xae\x74\xad\xf1\xff\x27\x5b\xe9\x5e\xd8\x49\x85"
	"\x61\x7e\xa1\x19\xf4\xfd\xe1\xe1\xf0\xca\x97\xbf\x6b\xcd\x7e\xde"
	"\x01\x49\x01\x76\x08\x5b\x03\xcf\xab\x24\x95\xf0\x0a\x82\x3e\x50"
	"\xf1\xda\x14\xab\xa2\x8e\xb7\xdf\xbf\xb7\x05\x1d\x3b\x9d\x1d\xc1"
	"\x6a\x52\xd0\x36\x6a\xf0\x56\x03\x06\xba\x76\x62\x28\x36\x70\x00"
	"\x79\xa9\xd8\x60\xe8\x4e\x2b\x45\x6b\xc4\xdb\x3d\x17\xa6\xa4\x89"
	"\x24\x03\x12\xd4\xda\xd1\xd7\xf7\x0b\x04\xe6\x9c\x02\x32\xbf\x3d"
	"\x4c\x6e\xd7\x81\x09\x09\x63\x55\x01\x59\x46\xa8\xb0\x35\x15\xdf"
	"\x25\x65\x72\x93\x1d\xde\xa1\x43\x83\xd3\xcb\xc7\xdb\xe9\x09\x48"
	"\x43\xc3\xeb\x66\xe0\x04\x4b\xfc\x10\x34\x7f\x7e\x00\xf1\x5e\xf0"
	"\x30\xb1\xe5\x3a\xc9\x23\x14\x26\xe3\x04\x00\xb9\x6c\x11\x10\x95"
	"\xeb\xa7\x38\x0a\x41\x97\x08\x10\xc2\xb9\x69\x5e\x63\x8e\x37\x0f"
	"\x3b\xd7\x8f\x4d\x15\x21\xb4\x10\xe3\x08\x4d\x93\x1d\xbf\x0d\x03"
	"\x97\xee\x89\x01\x86\xf7\xc8\xdc\x05\x48\x6f\x21\x8d\x02\xd8\x81"
	"\xd6\x4b\xa8\xa3\xe1\xb9\xec\xa7\xae\xcc\xc7\xd2\xab\x09\x3e\x12"
	"\x7f\xbf\xcb\xbf\x65\x65\xbb\xfe\x36\x69\x99\xf3\x20\x29\xdf\x4e"
	"\x1f\xa7\xfb\xd3\x53\x37\x5a\xae\xc6\x06\xfb\xc1\x4e\x23\x20\x4e"
	"\x8b\xa2\x04\xbf\x40\x57\x8c\xd6\x23\x54\x9d\x46\x8e\xb1\xd7\xf0"
	"\x46\x98\x4e\xb5\xb3\x6c\xea\x2d\x9c\x05\x8c\x88\xbe\x37\x74\xbe"
	"\xed\xcb\xf2\xfa\x3a\xab\xac\xcb\x9b\xfb\xa7\xd3\xfd\x7f\xe6\x4e"
	"\x27\x4c\xd8\xea\xb6\xe7\x09\x82\x40\xcc\x44\x4a\x50\x49\x70\xde"
	"\xde\x3c\xaa\x77\x45\xc5\x6d\xe3\x05\x17\x77\x4d\x32\x60\x70\x1e"
	"\xda\x4a\x1d\x1e\x1e\x1e\xc1\x82\x8a\x2d\xb4\x3c\xe3\xf7\x7f\x5d"
	"\x4e\x67\xdd\x36\x7f\x3e\x86\x3e\xbe\x00\xb1\x79\x37\x53\xdf\x47"
	"\x38\x71\xd8\x1a\xc4\x63\xbf\x5d\x02\x80\x70\xa5\x4a\x82\x81\x60"
	"\x70\x69\x01\xcb\x8b\xec\x40\xd1\xc9\x80\xc0\x42\x2a\xcf\x82\xd2"
	"\x30\xa9\xe6\x49\x41\x94\x55\x1f\x21\x6a\x39\x43\xf6\xba\x8d\x7c"
	"\x59\x9e\xb3\x9a\xfd\x10\x19\x48\x47\x6c\xbc\xdc\x31\xaf\xd8\xb8"
	"\x67\x90\x40\x2d\x3e\xba\x3f\x19\x0a\xb3\x62\x9e\x9f\xe7\x82\xe9"
	"\xf8\x79\xfb\x86\x66\xab\xcf\x88\x48\xa4\x88\x79\xd8\x75\x8b\xa3"
	"\xeb\x14\x3f\xfb\x5e\x91\xb8\x0d\x69\xf3\x9f\x0f\xaf\xaf\xec\x48"
	"\xc5\x53\x98\xd9\xb5\x78\x02\xae\xb5\x17\x9c\x29\x78\x1e\x92\x25"
	"\x5d\x3c\x52\xec\x48\xb9\xc2\xc5\x71\x0d\xff\x61\x17\x14\x1c\x72"
	"\x1e\x76\xb2\xe3\x8d\x40\x56\xf2\xf6\xc8\xd8\x84\xdb\x96\xb8\x9c"
	"\x2d\xc2\x8e\x2e\x6d\xce\x00\x79\x27\xe2\xf2\x3d\x94\x54\x22\xc6"
	"\x17\x50\x91\x7b\x40\x52\x30\x7e\x22\xb3\x1f\x5d\xbc\x66\xc7\x3f"
	"\x5f\xd9\x8a\x30\xd7\x53\x32\x2b\xb4\x0e\x90\x4b\x6a\xce\x2d\x98"
	"\x34\x4d\x01\x30\xe4\xa5\xf7\x6d\x53\x0a\x80\x67\x15\x09\x40\x32"
	"\x63\xc5\xcb\x58\x99\x04\x86\x37\x1e\x29\x62\x40\xc7\xe1\x75\xf3"
	"\x9c\xf7\x1d\x45\xc3\xb1\x21\xae\x3b\x96\xaa\x65\x24\xa3\x22\x0b"
	"\x4c\xd3\xf3\x24\x4d\x57\x26\xb4\x40\xc8\x32\xc5\xb8\xa8\x88\x6e"
	"\x69\x26\xea\x23\x45\x4c\xa3\xe6\x7a\x22\xc3\x99\xf4\xaa\x76\x3d"
	"\xdd\x0a\x28\xe0\x09\xab\x48\xce\xee\xfc\x3c\x30\x9f\x9d\xaf\x8c"
	"\x70\x26\x43\x9a\xb9\x13\xa2\x90\x71\x63\xce\xd1\x1a\x77\x09\xe6"
	"\x66\xdf\xb4\x5e\x49\x92\x16\x38\x74\x86\x4e\x41\xf0\x6b\x8d\xdd"
	"\x4d\x0d\xc1\xec\xc3\xdb\xf0\x6d\x43\x89\x5b\x9a\x1e\x3e\x8d\x87"
	"\x28\xc9\x62\x70\x0d\x13\x41\x13\x9f\x0f\x97\x4e\x16\x98\xce\xb6"
	"\x0b\x31\x00\xbb\x38\xaf\x4b\xef\xae\xfb\x40\x84\x4b\x2c\xfd\x4b"
	"\xe0\x5d\x02\x28\x4a\xa5\x06\x4b\x2c\x09\x83\x76\x45\x6a\xb6\xa2"
	"\xdf\x21\x64\x39\xb4\x96\x24\xd3\x45\x6d\x43\x6a\xb8\xc8\x8c\x18"
	"\x41\x74\x35\xc4\x90\x42\xd2\x68\x5d\xb0\x6f\x37\x53\x0a\xa2\x2b"
	"\x8a\x50\xd1\x02\x79\x5e\x85\xca\xfb\xf8\xab\x6f\x06\xd0\x62\x49"
	"\x31\xa0\xc6\xea\x6a\x96\xb6\x04\x64\x48\x4b\x93\xd0\x12\x40\x52"
	"\x0c\x4b\xc8\xf3\x91\x15\xa3\xc7\xa4\xa5\xe7\x22\x0a\x51\x3d\x04"
	"\x9d\x8a\x97\x7c\x38\x41\xa6\x3c\x9f\x3a\x30\x1d\xc4\x70\xa4\xc7"
	"\x88\x35\x88\xb3\x30\xec\x75\xcb\xb1\x1d\x29\x9a\xb5\xb7\xa5\xdb"
	"\x7b\x35\xc6\xd7\x94\x18\xc3\x76\x95\x18\xd7\xb4\x55\x18\xdb\x53"
	"\xe4\x45\xb3\x95\x69\xb9\xd2\xde\x5f\x93\xed\x3a\x12\x8b\x95\x25"
	"\x6f\xae\xaa\xf6\x2d\x1b\x29\xd3\x96\xd6\x6c\x61\xef\xd3\x84\xa7"
	"\x2f\xee\xfc\x83\x45\xcd\x31\x02\xfa\x9e\xa4\xe2\x32\x21\x8a\x74"
	"\x2b\x75\xd5\x43\x33\xf0\x51\x30\xb3\x10\x8c\x7c\x9c\x42\x75\x7a"
	"\x5a\x71\x53\x9b\x38\xba\x49\x28\x57\x65\xe4\x28\x24\x05\x12\x86"
	"\x49\x47\x1a\xd6\x97\xac\x1e\x33\xe3\x08\x6f\xa4\xbc\x51\xae\x97"
	"\xbc\x68\x2f\xf1\xfb\xbb\x03\x9e\x69\x95\x6f\x09\x41\xda\xdf\x25"
	"\xc7\x16\x67\x91\x17\x46\xc1\xca\x4f\xf9\x60\x23\x1b\xed\x85\x21"
	"\x2c\x67\x86\x53\xe5\x71\x1d\xc3\xd0\x3e\x17\xc9\x56\xe3\xb9\x87"
	"\x8e\xf3\x50\x94\x80\x45\xbb\x88\x0a\xa3\xe4\xad\xdc\x85\x11\x9f"
	"\x5f\x8e\x32\x67\x3e\xc7\x14\xb8\xe1\xb0\x76\x6c\x35\xc4\x55\x42"
	"\x5c\xe5\xfc\x71\x11\x6b\xfc\xaa\xe6\x66\x49\x0c\xba\x46\xaf\xcb"
	"\x06\xa3\xae\xdd\xe6\xdc\x75\x28\xf2\xb8\x3c\x5c\x21\x30\x86\x2c"
	"\xee\x01\x4e\x90\xcb\x8a\x82\xcd\x71\x01\x91\x38\x18\x0c\xf4\xf3"
	"\x3b\x52\x56\xe4\xe3\x47\x2a\x70\x5f\xd4\x20\x84\xbd\x42\xda\xdd"
	"\x16\x4e\x2e\x82\xc4\xdb\xf1\xe1\x83\x7d\xe5\xcd\x7d\xeb\x09\x27"
	"\xef\x14\x14\xef\x4c\xc4\x76\x62\x00\xb1\x96\x40\x3c\x05\x24\x03"
	"\x1b\xac\x05\x18\x7b\x01\xc6\x59\x80\xf1\xd5\x18\x53\x59\x1e\xdf"
	"\xb0\x34\x05\xa6\x66\x2d\xa8\xc6\x58\x8b\x30\xba\x1a\xe3\x18\x6a"
	"\x8c\xbb\x20\x2f\x57\xd1\xce\x34\x70\x1d\x55\x7f\x71\xed\x0a\x39"
	"\xa4\xde\x97\xf2\x44\x42\xea\x18\x9a\x02\xa1\xab\x4a\x12\xbb\xba"
	"\xa7\xd9\xb1\x12\xe3\x19\xf1\x5a\x01\xb2\x4d\xd7\xa6\x72\x4c\x4d"
	"\xeb\x68\x5b\x13\x8c\x1a\xba\xc7\xad\x53\x5b\xf7\x10\x4d\xa1\x01"
	"\xc6\xd0\x54\x18\xd7\xd1\x88\x0a\x21\x1f\x15\xe2\xe2\x05\x31\x0b"
	"\xeb\x41\x9b\x64\xe3\xe8\xa6\xbc\x2f\x12\x20\xcc\xdd\x61\xfa\xc0"
	"\x67\x54\xed\xb9\x52\xc0\x6f\x81\x25\x2f\x30\xdb\xb0\x2a\xdd\x50"
	"\x0c\x8c\x34\xc9\x23\x82\x3c\xf3\x9e\x31\xfc\xf4\x65\xab\x31\xbe"
	"\xa6\xc2\x58\x98\xb5\xf4\x10\x63\xe8\xb6\x1a\x63\x18\x6a\x8c\xb5"
	"\x20\x1d\x47\x5b\x80\x91\x97\x99\x5b\xe3\xe9\x6a\x8c\xa3\x39\xb6"
	"\x1a\xa4\xfb\x6a\x8c\xe3\x29\x31\xbe\xab\x82\x98\xba\xab\x68\x44"
	"\x06\x72\x1c\xd3\x57\x63\xac\x05\xe9\xd8\x9a\x1a\xb3\xa8\xd0\x8a"
	"\x51\x96\x05\xa5\xa9\xda\x25\xeb\x00\xb3\x8a\xba\xac\xef\x01\xaa"
	"\xc4\xd4\x8d\x8c\xcc\x31\x15\x00\xc5\x1e\xc2\x00\xca\x14\x6c\x15"
	"\xc0\x55\x01\x3c\x05\xc0\x53\x15\xd2\x53\x15\xd2\x53\x15\xd2\x53"
	"\x15\x52\xb5\x70\xb0\x33\x84\x0a\xa0\x2a\xa4\x6f\x1b\xa6\xa5\xc6"
	"\x58\xfa\x02\x8c\xbc\xbe\x65\xe0\xb9\xa6\x62\x59\x01\x0c\x66\x79"
	"\xd5\x63\xf2\x3a\x68\x81\xb1\x28\x4b\x68\x8d\xaa\x8f\x75\xd0\xa0"
	"\x66\x6b\x82\xa9\xc4\xb8\x8a\xf1\xc4\x30\xae\xa7\x19\x4a\x8c\xaf"
	"\x59\x8a\xea\xc5\x9e\xed\x23\x37\xa6\x19\xa6\xe9\x76\x8e\xbd\xcb"
	"\x94\x1b\x2d\xdd\xd4\x8a\x5d\x82\x21\x14\xab\x00\x43\x98\x7f\xaa"
	"\x10\x81\xe2\xe8\x95\x45\xba\x6b\xca\x3b\x32\xca\x02\xc9\x55\xf5"
	"\x19\x63\xe8\x6a\x8c\xb3\x33\x34\x45\xa5\x32\x1a\x58\x6e\xb6\x0c"
	"\xa4\x98\x56\x02\xb6\x32\x15\xcb\x32\x0d\x36\xb6\xb3\x97\x5a\x39"
	"\x8d\xa0\xc6\x82\xe4\x4c\xf9\xe7\x09\xad\x6b\xea\xda\xaa\x4a\x66"
	"\x8e\xa3\xfa\x12\x0a\x74\xc3\x0b\x3d\xe5\x87\x17\xd5\x35\x5d\x95"
	"\x14\x75\x3d\xc3\x53\x63\x5c\xc5\x07\x01\xeb\x64\x4f\x31\x70\x93"
	"\x9c\x18\x9a\xaf\x84\x28\x36\x30\x06\x31\x0d\xe5\x46\xe9\xca\x67"
	"\x7a\xbd\xc9\x02\xc5\xce\x5e\x67\xa5\xae\x58\x53\x38\xc4\x54\x43"
	"\x3c\x15\xc4\x52\xcc\x0e\x80\x28\xaa\xdc\xd4\xba\xa1\x38\xcc\xed"
	"\x3c\xd3\xf5\xf4\x50\x89\xf1\x97\x60\x8c\x05\x18\x53\x0d\xb1\x55"
	"\x90\xd4\xf5\xec\x9a\x2e\x40\x39\xf9\x5a\x85\x62\x53\x78\x13\x2f"
	"\x00\x45\x9b\x39\x7f\xdd\x7c\x53\x1b\x79\xd0\x14\x01\xa0\x19\x58"
	"\xad\xa3\x1c\x8c\x4b\xba\x97\x1f\xe1\x10\xa9\xcd\xe8\x85\x96\xaf"
	"\x07\xf7\x17\x3d\x93\xe0\xb1\xa3\xf9\x3e\x14\xbc\x10\xf1\xab\xd5"
	"\xba\x4a\x4a\x8a\x97\xe9\xec\xee\x68\x5d\x34\x2d\x28\xce\xec\x38"
	"\x2b\x22\xd7\xc0\x4d\x56\x63\x8d\xe9\xb9\x28\xec\xab\xb6\x6c\x77"
	"\x09\x45\x4c\xdf\x67\x62\xc4\x24\xa9\xd8\x3e\x83\xa9\x55\xcd\x45"
	"\x01\xeb\x20\xc1\xd7\xb6\x38\x4a\xf7\x4c\x09\x2e\xc5\x11\x17\x67"
	"\x7d\xac\x85\x95\xfe\x44\xd1\x97\xb7\x8b\x68\xf4\x7c\xdd\xa2\x8a"
	"\x6a\x43\xe4\xc2\x66\x50\x54\xff\x72\x2d\x59\x6e\xfb\x38\xf3\x72"
	"\xee\xfd\x4c\x86\x08\xa3\x46\x38\xfc\x94\x60\x2e\x43\x1d\xac\x31"
	"\xb1\xe7\x84\x6f\x45\x95\xcc\xa6\xc3\xef\x1f\x49\x50\x26\x37\x49"
	"\x5e\x9b\x96\xb6\x07\x3d\xa6\xb7\xe7\x91\x89\xd3\x25\x15\xfe\x9a"
	"\x0d\x7a\xfd\x75\x94\x95\xac\xfa\x04\x53\x03\x19\x3c\x64\xce\x64"
	"\x3a\x78\x55\xef\x8b\x3f\xe0\x0a\xae\xdf\x7e\xbe\x7f\xfc\x35\x22"
	"\xbc\xaa\xb6\x14\xf1\xe8\x95\xd5\x9d\x54\x5c\xb9\xce\x3a\x4b\xdc"
	"\x91\x3a\xd8\x84\x43\x17\xb2\x7d\xc8\x95\xd7\xad\xb3\x20\x2f\x76"
	"\xe4\xae\xd8\xd6\x92\xe4\x3a\xe3\x06\xe1\xa8\x71\xc6\x9b\xd9\x19"
	"\x37\xaf\xff\xb3\x3b\x7c\xdc\xff\xf1\x70\xfa\x1d\x65\x45\xa6\x45"
	"\x5c\x0f\xcb\x3e\x56\x57\xe8\x05\x32\x57\x28\x52\xcc\xf7\x24\xa9"
	"\xc0\x0b\xa1\x14\xc4\x8d\x8c\x4a\x4f\xb3\x17\xc0\x56\x94\xc8\x51"
	"\x9d\x42\xa8\x1c\x14\xee\xe4\x72\xf8\xac\x37\xf7\x8a\xba\x65\x40"
	"\x05\x66\xe8\x40\x62\x33\xa7\xae\xf1\xcf\x7f\x1f\xde\x8f\x0f\x97"
	"\x1e\x08\x0e\x6f\x0f\xa3\x81\xce\x30\x65\x30\x97\xc3\xb8\xe7\xca"
	"\xb7\xe3\xc7\xe3\xf3\xf1\xf4\xf3\xe3\x66\x7d\x62\x9d\xf7\x72\x9a"
	"\x32\xa4\x77\x23\xa0\xac\x22\x50\x19\x2c\xb6\x7c\xf1\x44\x1e\xe2"
	"\xae\x87\xe9\x30\xb4\x3b\x0c\x4f\x09\x63\x27\xe2\x79\xcf\xf6\xb3"
	"\x40\x63\x92\x4f\xd8\xde\x26\xc1\xed\xf0\xe5\x83\x02\xa9\x63\x41"
	"\x69\xb7\x64\x0b\x55\x9e\xd3\xcb\xe3\xfd\xfb\x0d\x7d\x7c\x7a\xbc"
	"\x3f\xbd\xdc\xac\x0e\xf7\xff\x79\x7d\x3a\xbc\x1c\x47\xef\x18\x74"
	"\xce\x6d\xe7\x2a\xc8\xc8\x30\xb9\xa1\x3f\xab\x6b\x5d\x2b\x6e\x64"
	"\xf2\xe3\xe7\xcb\x3d\xa8\x53\x5e\x3b\xe2\xea\x0b\x1e\x87\x57\x53"
	"\x18\xc2\x48\x50\x7b\xbe\x65\xcf\x5f\xd0\x72\x00\x35\x5d\xe4\x4c"
	"\xd6\x8b\x91\xab\x2c\xce\xed\xcb\xd5\xbc\x90\x8b\x50\x1e\x9f\xd4"
	"\x86\xe7\x6a\xb8\xba\x38\x07\x71\xfa\x84\x38\x8d\x40\xe1\x57\x81"
	"\xda\xa4\x01\x42\x02\x0b\x18\xd6\x82\xb6\xaf\x21\xa7\x73\x0e\x08"
	"\x7d\xdb\xd5\xb3\x5d\x83\x67\xb3\x2f\x0d\x0d\x67\x7b\xe2\x0d\x5d"
	"\x81\x86\x7e\x80\xb7\x4a\x48\x7c\xcd\xc4\x0b\x01\x62\xdb\x40\x59"
	"\x86\x06\x10\x59\x29\x38\xc4\x96\x8a\x91\x7b\xf7\xb3\xd8\x94\x89"
	"\x31\xa2\x0a\x2e\x4e\x73\x3c\x69\xf6\x4d\x6e\x82\xdb\x36\x59\xfd"
	"\x7a\x8c\xac\x82\x9b\xc4\x61\x5f\x14\x38\x6d\xf3\x06\x3c\xf7\x12"
	"\x9a\x04\x26\x2a\x66\xc9\x4f\x8c\x85\x46\x39\x80\x35\xba\x8e\x98"
	"\x48\x81\xfc\x96\x6d\xee\x92\xe8\x9e\x57\x66\x9e\xa6\x29\xe4\xb6"
	"\x5c\xee\x68\xf8\x40\xe1\xea\x29\x36\x72\x11\xd9\x01\x5c\xd7\x91"
	"\xcc\x3f\x01\xf0\x1c\x05\xc0\x37\xe5\x00\xcf\x92\x02\x3c\x5f\x73"
	"\xe5\x72\xc3\x96\xcb\x7d\x45\x7c\xdf\x9b\x5b\xcd\x41\x5a\x3b\xa6"
	"\xed\x4d\x97\x3d\x08\x75\x8c\xd9\x0d\x00\xe0\x57\x3c\x2f\x7d\x1c"
	"\x59\x31\xa2\x3c\x36\xf4\x55\x36\x3f\x16\xa3\xef\xdc\x50\xae\xc4"
	"\xd7\x0c\xa9\xb4\x49\xca\xa8\xe2\x46\x8a\x28\x84\x6d\x9c\x5b\x54"
	"\x58\x06\xb1\xcd\xa6\xb3\x89\x6c\x79\x7c\xac\xc3\x69\xf5\x8a\x69"
	"\x1d\x12\xae\x6d\xcd\xc4\xbb\xb7\xaa\xe9\xbe\xc5\xdc\x52\x71\x40"
	"\x60\xd7\xb6\x27\x49\xe0\xd6\x43\x6e\x17\xb8\x34\xb7\x6b\x47\xc7"
	"\xe5\x70\x34\x96\x6e\x1e\x34\xb1\x5c\x67\xaf\xc0\x64\xb6\x86\xef"
	"\x71\xf4\xf6\xce\x63\xd3\xcc\x90\x44\x47\x28\x14\xc9\x6a\x6f\x6b"
	"\x8a\xcd\x0d\xd6\x18\x4d\xb2\x08\xd0\x3a\x2b\x23\x64\x70\x0b\x45"
	"\xcc\x69\x87\xd5\x49\x4b\x32\xd3\xb4\xf7\xc0\xcd\x47\x24\xbb\x61"
	"\x5a\x9a\xbe\x64\xe2\x82\x46\x9e\x87\xb7\x3c\xcb\x26\xcd\x24\x43"
	"\x8e\xa4\x19\xe2\xab\x08\x38\xef\x74\x0d\xd1\x98\x13\x84\x78\x18"
	"\xcd\x94\x8c\x2d\x8f\x17\x8a\x03\x24\xeb\x99\x00\xf8\x9a\x1c\x60"
	"\xe8\xae\xb4\xde\xac\x65\x24\xfb\x77\x87\xb0\x1d\x5b\x95\x8b\x27"
	"\x07\x78\x8e\xa2\xa6\xbe\xae\xa9\x00\xf2\x43\xc2\x19\x24\xdb\x8c"
	"\x19\x88\x6d\x63\x88\xba\x49\xbd\x4b\x2d\xcd\x94\x0c\x72\x06\x70"
	"\x34\x4b\x31\x0b\x76\xa9\x6e\xb8\xa6\x1c\x93\x66\xa6\x2d\x59\x88"
	"\xea\x80\xad\xdc\xbe\xa4\xc1\x30\xb3\x10\x7e\xaa\xab\x92\xef\x45"
	"\x4e\xa4\x6d\xd5\x63\x64\x4d\xb5\xcb\x3c\x4b\xb2\xe3\x33\xb1\xa9"
	"\xcb\x4f\x35\x1d\x44\x91\x89\x69\x6b\xaa\x54\x7c\x7f\x8e\x38\xfe"
	"\x4c\x46\x35\xb2\xaf\x3f\x33\x54\x61\x76\x94\x17\x84\x70\x3b\xdb"
	"\x14\x69\x4d\xd6\xd1\x7c\x22\xc0\x34\xb0\x15\x4c\x0c\x74\x9b\x21"
	"\xfa\xb8\x17\x38\xdc\x26\xf1\xcb\xa4\xa5\x11\xe0\xa3\xc5\x43\x26"
	"\xd7\x00\x15\xda\xa6\xef\xa9\x40\x39\xfb\xaf\x54\x80\xd8\x61\xd7"
	"\x40\x26\xda\x04\xa4\x2b\x40\x31\xc9\x6d\xd3\xb6\x55\x45\x47\x15"
	"\x9d\x2f\x90\x84\xa6\xbe\xa9\xd9\x6a\x94\x63\xb8\x3a\x51\xc0\x60"
	"\x23\x70\xf5\x25\x20\x43\x09\xf2\x5c\xc4\xea\x66\x0c\x52\xb6\x41"
	"\x2a\xe6\xf3\x02\x94\xe3\x3a\x0a\x14\x9c\x93\x6d\x6f\x01\xca\x73"
	"\x2c\x7f\x09\xca\xd1\x16\xa0\x30\x1b\x8f\x09\x0a\xd1\x44\x18\xa0"
	"\xd8\xc1\x53\xd7\xa5\x93\x92\x43\xec\xf9\xd9\xc8\x65\xee\x82\x3c"
	"\x6c\x6f\x09\xc8\x57\x16\xc4\xf6\x4b\xbc\x24\x9e\xaa\xe5\xca\x78"
	"\xfb\x3d\xc2\x68\x78\x06\xb0\xc6\xf3\x34\x67\x11\xca\x5b\x84\xf2"
	"\x95\xa8\x5d\xa6\x40\x9c\x6f\x7d\x15\x38\x76\xa2\xd6\x4d\x55\xaf"
	"\xb3\x4d\xd7\xd6\x31\x17\xaa\x23\x98\x63\x98\xca\x86\x10\xc7\x1e"
	"\xc3\x5c\x04\x73\xf7\x4b\x60\xfa\xa2\xb2\xd9\x86\xa5\x4a\xad\x99"
	"\xda\xe0\xf6\x88\x60\x42\x95\xc4\x02\x32\x52\x8e\xfe\xee\x28\x25"
	"\xe9\xd8\x4f\x66\x35\xcb\xb1\x58\xb5\x79\x74\x8e\x31\xa0\xff\xa8"
	"\xe0\x13\x05\x09\x77\x66\xc3\x7f\x6b\xe6\xd3\xa1\x45\x7e\x37\x2f"
	"\x20\xf9\x5d\x31\x2f\xd9\x90\xaa\x9c\x95\x64\x6c\x43\xbc\x5d\x85"
	"\xb3\xb2\x7d\x36\x8c\x73\x69\x53\x28\x56\x93\x04\xd1\xdc\xe5\x3e"
	"\x37\xab\xe8\x15\xdf\x47\x14\x35\xcf\xc7\x87\xc7\xc3\xcd\xfd\xe9"
	"\x6d\xc6\xb1\xa4\x88\x15\x90\x0c\xc8\xa0\x2e\x91\xc7\xc6\x1a\x9d"
	"\x83\xab\xb6\x6e\xe4\x0a\xf8\x1c\x0b\xb4\x4c\x35\x3b\x1d\x2c\x02"
	"\x57\x24\x04\x4b\x4b\x25\x8e\x86\xd5\x02\x54\x10\x05\x32\x2e\x46"
	"\x81\x29\xf2\xba\x02\x3a\xd3\x41\x8b\x37\x49\x18\x41\xf7\x35\xd3"
	"\xa0\xc6\x4a\x0d\xf0\x81\x0c\x2c\x52\x64\xc8\x0d\x7d\x11\x8f\xe8"
	"\xff\x78\x28\x09\x1b\x89\xe1\x9b\xc0\x88\x53\x56\x96\xe4\xdc\x2d"
	"\x6b\xbe\x9e\xed\x51\x9e\x7b\x16\x65\x06\xfb\x99\x94\x0e\x24\x71"
	"\x4a\xe8\x06\x5c\x29\xb5\x01\xfb\x8d\x4e\x0a\xb7\xda\xc6\xc6\x64"
	"\x7e\x5d\xc2\x59\x82\x45\x39\x1b\x23\xcc\x44\x13\x25\xa3\x87\x96"
	"\xba\x2e\x83\xa4\x8d\xa2\xb2\x2a\xb2\x19\xfb\x6d\x18\x5e\x33\xaf"
	"\x64\xa2\xc1\xb9\xe7\x62\xb4\x53\x58\x4d\xce\x86\xd4\x73\x5e\xd7"
	"\x45\x73\x61\x5c\x47\xb4\x08\xba\xb1\x2b\x69\xeb\x6b\x3b\xe7\x41"
	"\xde\xe7\xe6\x3d\x67\x3d\xce\xb8\xb7\x55\xfa\xad\x8c\xd6\xa8\xb0"
	"\x09\xb6\x32\x59\xbb\x63\x1d\xce\x4e\xc1\xa3\x7a\xad\x8c\x0b\xe6"
	"\xd2\xe8\xb3\xc4\x62\x93\xf4\xd8\xaa\x10\xcc\x34\xd1\x79\x9c\x70"
	"\xa7\x6b\x29\xf6\x78\x2b\xd0\x6c\xe0\x34\xd1\xfc\xc7\x3d\xb4\x0a"
	"\xb7\xab\xec\x9a\xe4\x9a\x3c\x43\xac\x21\xc7\x87\x9b\x2c\x0b\x7e"
	"\xa1\x6c\x02\xf7\x14\x3a\xa3\xde\x0f\xee\x84\xbd\x50\x9c\x54\xd9"
	"\x94\xdb\x64\x30\x6e\x0e\x2f\xf7\x8f\x4f\x4f\x87\xb7\xbf\x2e\x2c"
	"\x4b\x1f\x3f\x5f\xd8\xff\xff\x60\xc8\x97\xf7\x13\xfc\xf2\x68\xdc"
	"\xb3\xbf\x5e\x1f\xff\x71\xf3\xe3\xed\xf4\xf2\x71\x7c\x79\x78\xff"
	"\xfb\x74\x09\x83\x59\x5a\x35\x9c\xfa\xa9\x23\x59\x9d\xf4\x08\x5b"
	"\x56\x05\x2f\x98\x78\xe9\xfd\xf9\xf0\x78\xba\x79\x38\xde\x9f\x1e"
	"\x78\x5e\xaf\x6f\xa7\xfb\xe3\x3b\x64\xc7\x39\x2e\x9e\x1f\xff\x1c"
	"\x98\x6d\x57\x21\x3d\x43\xfb\xb0\xe6\xf1\xe1\x78\x42\x42\x21\x85"
	"\xc3\x28\x83\xb1\xfc\xf8\x32\x0e\x0d\x0e\xcf\xc7\xb7\x43\x57\xdf"
	"\x01\x0d\x9b\xe0\xa2\x7d\x3a\xbc\xff\x31\x0d\x14\xe9\x3c\x3e\xb3"
	"\x62\xff\xf7\xf8\x7c\x7c\xf9\xb8\x01\xfa\xa9\xb3\x98\xd7\xee\x17"
	"\x01\xba\x3f\x31\x14\xab\x1a\x3c\x1f\x8d\x40\x6c\x4d\xbd\xe1\x4d"
	"\x3d\x0e\xce\x1e\xdf\xef\x8f\x4f\xf0\x94\x75\xfa\xf9\x7e\xf3\xc7"
	"\xf1\xe9\x75\x8a\xa0\xa2\x5f\x6e\x7e\xc2\xdb\x21\x4b\xf5\xfd\x74"
	"\xdf\xde\x8b\x2a\x88\x3e\xec\x81\xf5\xe9\xf4\xf4\x0e\xb4\x20\xac"
	"\xf4\xc7\xa7\xd3\xeb\xcd\xcb\xf1\x7f\x2f\x5d\xd8\xa3\xd6\x6f\x87"
	"\xd7\x3f\xe0\x2d\xed\x6a\x73\x0a\xab\xec\xd2\x8b\xec\x0f\x70\x8f"
	"\x92\xb4\x21\x1d\xd1\x03\x41\x78\x58\xb2\x8e\xdf\xcf\x31\xb7\x8d"
	"\x61\xdc\x18\x09\xe1\x94\x19\x02\x80\xa7\x37\x9e\x12\xbb\x0c\x70"
	"\xb7\x19\xed\xb8\xc6\xc6\xe5\x83\xf0\x78\x35\x2b\x8a\xf9\x26\x72"
	"\x56\x4e\x98\x13\x16\x6c\xba\x71\x4d\x8a\x5f\xd9\xf9\x78\x5c\x30"
	"\x6e\xb5\x15\x81\x1b\x86\xb9\xe9\x34\x00\xae\xd9\x12\x00\xef\x8b"
	"\xe7\x22\x9c\x09\x1b\xba\x41\x77\xc3\x46\xd8\xa4\x53\x47\x39\x09"
	"\x06\x3c\x57\x43\x9e\x45\x7a\x08\x4d\x52\x8c\xa6\xa0\x87\xe4\xfb"
	"\xb2\xad\xd9\x67\xb3\xef\xed\x51\xdc\x26\x4c\x83\x10\x95\x66\x24"
	"\x4d\xc0\x74\x93\x6d\x10\x77\x73\xba\x1a\x37\x7f\x13\xd3\x38\x38"
	"\x95\xfd\xf4\xfd\x3b\xb0\x3e\xfd\x78\xfc\xfd\xe7\xdb\x01\x1e\x4c"
	"\xa7\xb5\x6b\xd6\x11\xde\xfb\xdb\x30\x45\x65\x55\x40\x2a\x78\x92"
	"\xdf\x84\x59\x82\x34\x7d\x49\xf2\xe8\xcc\x6a\x13\x3e\xbe\xbf\x3e"
	"\x1d\xfe\xba\x29\xd9\x3c\x7a\xba\x6a\x64\x0e\x6d\xd3\x26\xa4\x68"
	"\x86\x02\x42\x93\xac\x44\x88\x65\x2e\xa0\x24\xcf\x8b\x14\xf8\xf3"
	"\x34\xd7\xff\x1e\x10\x05\xfa\xb7\x30\x61\x9f\xd5\x9a\xab\x65\x91"
	"\x86\x7a\x30\x1a\x94\x40\xb8\xe5\x6d\xd3\xd0\xc7\xec\xc9\x07\x35"
	"\x62\xb8\xb5\x65\x23\x9f\xbc\x17\x1c\xfb\x97\xb0\xc3\x74\x12\xb4"
	"\x4d\xb3\xd7\xb5\x58\x33\xad\x7c\x71\x49\xa8\x13\x99\x1b\x62\x2c"
	"\x47\x7b\x84\x28\xd3\xe6\xc7\xf4\xf4\x9b\xae\xe9\x95\x4e\xf7\xc8"
	"\x6b\xc1\x15\x9e\x6a\x96\x59\xeb\x69\xa4\xc6\x27\xec\xd0\x99\x27"
	"\xfb\x96\xd6\xae\xeb\xf9\x8d\x02\x0e\xde\xdb\xb6\x96\xa6\x29\x1b"
	"\x92\x35\xf8\x52\x9c\x66\x3b\xf6\xda\xd2\x30\x55\x4f\x04\xcb\x16"
	"\x93\x70\x61\x4b\x13\x70\xd7\xa1\xe7\xb9\x66\x2d\x88\x94\xd7\xa6"
	"\xed\xf8\xf6\x8a\x57\xb5\x09\x8b\xcf\xc0\x17\xa5\x0e\x4e\x03\xd9"
	"\xf7\x45\x6d\x79\x9a\xbe\x20\x03\x48\x77\xb3\xf7\x4c\x5d\x37\x56"
	"\x0b\xe0\x45\x9d\xe9\xbe\xae\x93\x85\xc5\xaf\xab\x6d\x7a\xc7\x16"
	"\x43\xcb\x34\xb5\x2f\xc0\xdb\x98\xdc\x46\xed\x2e\x58\x7f\x26\x9e"
	"\xba\x95\x6e\x1d\xcf\xb3\x1b\xbd\x75\xac\x96\xa4\xe5\x86\xb4\xca"
	"\x61\x5c\x27\x24\x67\x9b\x4b\xe5\x38\x96\xad\x2f\xc8\xe1\x0a\xdf"
	"\xe6\x85\xd8\xc4\x85\x05\xf2\xa7\xa3\xeb\x86\xb6\xf9\xfe\xc9\x44"
	"\x78\xa3\xc4\x35\x3c\xd8\x2c\x6e\xfb\xce\x23\xd0\xe6\x93\x11\x8c"
	"\x9c\x77\x97\xcf\x0a\xf9\xb5\xaa\x7d\xb6\xc7\x20\x37\x65\xaf\x6d"
	"\xf6\x62\x42\x78\xc0\xbb\x08\xac\x6d\xea\x4a\xcd\x67\x64\xa8\x63"
	"\xb9\xe6\xa7\x8b\x37\x1f\x6b\x41\x5e\xf6\x75\x2c\xcd\xd0\xbe\x18"
	"\x4f\xff\x62\xbc\x2f\x96\xd3\xfc\x62\x39\xcd\x2f\x96\xd3\x34\x16"
	"\x0d\x63\x58\x67\x6d\xdf\x5e\x3c\xec\x7b\xfc\xe2\xa5\xa0\x77\xe7"
	"\xda\x06\xcb\x06\x22\x16\x8d\xcf\xb1\x6e\x79\xff\x7f\x48\xa2\xdd"
	"\xc4\xe5\x82\x73\xd3\x67\x4b\x2f\x7a\xe0\x8b\x55\x17\x91\xbf\x92"
	"\xed\x6c\x9c\x4f\xb4\x98\x32\xfe\x82\xe6\x9a\x56\x1a\x52\x58\xb2"
	"\xc4\xcd\xc6\xb3\xac\x4f\xc6\x8b\x2e\xf9\x7d\xba\xac\xc3\xb8\x8d"
	"\x32\xee\xfc\x7c\xfb\xda\x2c\xfd\xda\x5a\x62\x7e\x36\x16\x29\xc2"
	"\x65\xa5\xa4\xc1\xe7\xfb\x6f\x1a\xc7\xff\x7c\x14\x67\x41\x94\xf3"
	"\xe9\xde\x8b\x03\x71\xc0\x83\x6a\xe1\x9f\x6f\x6c\xd8\x9a\x3a\xfe"
	"\xfe\x7f\x49\x79\x55\x44\xec\x5c\xc1\xc0\x9a\xbf\xec\x08\xd5\xb7"
	"\x2d\x3b\x76\xe9\xb6\xb6\x6c\x6f\xed\xe3\x0c\x4f\x0d\xcb\x63\x89"
	"\xc6\xb2\x97\x36\x6f\x40\x8b\x9a\xc7\xb1\x0d\x76\x80\xde\x84\x25"
	"\xdc\xa0\xf0\xc8\x69\x06\xa6\x44\xd6\x27\xe2\x07\x5f\x88\x2f\x7c"
	"\xaf\xf1\xc3\xb5\xe6\x91\x05\x55\x1d\x46\x30\x42\x34\x02\xcd\x82"
	"\x90\x86\x5d\x9c\x6c\xc2\xf5\x38\x87\x21\xa6\x31\xe6\x41\x9e\x0a"
	"\xb7\xea\x7c\x88\x61\x44\xfb\x05\x30\xdd\x5c\x88\xda\x22\xb7\x09"
	"\xab\x2a\x09\xd7\xd1\xf8\x9a\xa8\x1b\xa1\xbd\x64\x74\xd1\x90\xbc"
	"\x7c\x1c\xdf\x7e\x1c\xee\x8f\x37\xab\xb7\xc7\x87\xdf\x8f\x57\x77"
	"\x0e\xe2\x0d\x87\x7d\x82\x92\x7c\xef\x7a\x7b\xfc\x4e\x26\xdc\x66"
	"\xec\x13\x68\x4d\xda\x90\xe0\x93\x05\xee\x2e\xa4\x2e\xc2\xf8\xfd"
	"\x0d\xf8\x33\x02\x67\xf3\xec\xb3\x37\x2c\xf7\xa0\xf0\xbb\x8e\xda"
	"\x95\x67\x6b\x8d\xd9\xc6\x3b\x34\x1e\xdc\x1c\x95\x75\x6e\x5a\x8e"
	"\xec\x94\x54\x91\x30\x6a\x4b\xea\x39\x92\x33\x18\x4d\xe0\xdb\x3b"
	"\xf1\x1c\xc9\xb9\x90\xc9\x7d\xcd\xc0\xdb\xa3\x2e\xe8\x26\x59\x11"
	"\xa1\x80\xe4\x22\x74\x50\x1c\x98\xb4\x75\x5c\x62\x5c\x3a\xfd\xb5"
	"\x18\x09\x1b\xd7\xd6\xf1\xa5\x97\x54\x41\xb9\xde\xe2\x37\x66\x09"
	"\x9b\x7c\xb7\x49\x95\xe4\xc8\xc0\xe9\x5f\x0a\xa6\x77\xa4\xe7\x17"
	"\x04\xe4\x0a\x0b\x14\x45\x37\x61\xd5\x72\x97\x2a\xed\x9a\x24\x79"
	"\x5b\xad\x57\xbf\x4e\x2e\x22\x39\x9b\xd9\x86\x84\xc5\x0e\x5e\x78"
	"\x13\x60\x5e\x97\x3e\xcc\xf5\x71\x7a\x02\x36\x12\x45\x6d\x4a\xee"
	"\x64\x83\x66\x4f\xe3\x95\xa4\x8d\xf3\xbb\xb0\xc2\xef\xf0\xca\x54"
	"\x97\xb4\xad\x70\xb0\x85\x8b\x93\x55\xe7\x2a\xe5\xda\x23\xdc\xdb"
	"\xe1\xf9\x78\xf3\xef\x9f\x3f\x7e\x00\x9b\xfc\xd4\x0d\x58\x3c\x72"
	"\x67\xd2\x5f\xd1\xf2\x0b\xdb\x99\x96\x8e\x57\xb0\xb3\x00\x3f\xcc"
	"\x65\x7a\xb3\xb0\xbc\xa8\x93\x78\xc4\xa5\xc9\x02\x43\x44\xbf\x93"
	"\x89\xb8\xb9\x55\x13\x51\x22\x79\x5e\x83\xac\xd8\x4f\x9c\xa4\x69"
	"\x35\x7a\x13\xe9\x04\x41\x51\xde\xb1\x92\x92\x2b\x01\x5b\x82\xd7"
	"\xd1\x2a\x4d\xea\x49\x79\x40\x56\x45\x0d\x38\xcf\x8e\x52\xb0\x74"
	"\x6e\x57\x77\xb3\xce\x90\x18\x8e\xde\xd1\xf9\x9c\x41\x30\x9b\x33"
	"\x08\xb0\x9c\xcb\xaa\x80\x87\x1c\xb6\x82\xd4\xf0\xe7\x96\x9d\xd8"
	"\xca\x32\x02\xb5\xbd\x88\x60\x4d\x14\x17\x55\x94\xac\x73\xb6\x50"
	"\xb1\xb1\x9f\x4b\x4a\x39\x7a\x0d\x85\x66\x8f\xe2\xa8\xaa\x58\xea"
	"\x63\x92\x6b\x80\xb3\x95\x11\x98\xd0\x91\x1c\x33\x12\x00\x61\x2a"
	"\x45\x3b\x8d\x04\xb7\x57\x6e\x22\x06\xd1\x59\xdc\xee\xee\x7e\x5c"
	"\xa0\x3a\x49\x79\xa3\xb0\xf1\x7f\xb6\x0f\x1c\x8d\xc9\x3f\x7a\x77"
	"\x26\x33\x0f\xb1\x2c\x3e\xa9\xb2\x00\xbb\x6a\x87\xd6\x84\x71\x84"
	"\x09\x8b\x12\x16\xfa\x0a\xaf\x14\xd5\x43\x6e\xce\x81\xca\x33\x1a"
	"\x6c\x63\x54\x8c\xdd\xbb\xc3\x30\x5c\x65\xed\x7a\x5f\x5b\x98\xd7"
	"\x60\x06\xe9\xb4\x11\xd1\x0e\x89\xe0\xe6\xb5\xc8\x22\xb4\x47\xaa"
	"\x82\x84\x74\x13\x45\x35\x86\x80\x3b\xbe\x5b\xdd\xd7\xf0\xfa\xe1"
	"\xb7\xf4\x20\xa5\xac\x75\xc6\x06\x12\x67\x2a\xce\x6e\x30\x80\x8b"
	"\xed\x81\xf6\x45\xaf\xe8\x12\x74\x4f\xfb\x9d\xd6\xc7\x48\x09\x86"
	"\xc9\x52\x2b\xd6\x34\xc3\x32\x6a\xe4\x13\x80\x63\x32\x6a\x78\xe6"
	"\x3a\x46\x54\x09\x39\xa4\x6e\x4c\x5b\xfb\xd6\xa0\x00\x38\xa5\x1a"
	"\xc8\x06\xd9\xcb\x4d\x64\x83\x05\x79\x1d\x16\x86\x95\xa1\xe2\x66"
	"\xbd\x36\x2c\xd3\x20\x16\x8a\x90\x32\xad\xf3\xa6\x73\x22\xc7\xcc"
	"\xf0\x12\x48\x1e\x2f\x40\xcc\x3e\x26\x4c\xc7\x8f\xd7\xc8\x9b\x57"
	"\xd7\x8e\xb6\xa6\xdf\xc6\x92\xa6\x86\x03\xab\x2d\xef\x66\xac\x37"
	"\x2f\x88\xce\x60\x18\x61\x6e\xed\x51\x98\xae\xda\x00\x91\x79\xbe"
	"\xa5\xb7\x3b\xcc\x6d\xef\x05\x49\xc2\xd2\xf3\x1c\x6d\x09\xca\x55"
	"\xa1\xe0\x83\xc0\x44\xe8\xe0\x26\x28\x5f\x05\x2a\x3d\xdb\xde\x2b"
	"\x40\xa8\x22\xed\x20\x9d\xc6\x36\x34\x37\x2d\x15\xb0\x55\xe8\xe8"
	"\x9a\xab\x6a\x84\x2a\xd8\x07\xf9\xbc\x61\x39\xdb\x16\x68\x4d\x66"
	"\xb7\x42\x38\x70\x0d\x66\x75\xb1\x2e\xc6\x7f\x01\x55\x1c\xb8\xb6"
	"\x62\xcb\xd4\xac\x80\x25\xad\x3b\xb3\x92\x20\xdd\xd6\x86\x61\x0d"
	"\x2c\x55\x8b\x6d\x3e\xb2\xbd\xe6\x01\x6d\x41\xe9\x95\xee\x7d\x0f"
	"\xe0\xf8\xcb\x1f\xc2\xe1\xdc\x38\xa8\x0c\xb2\x71\xc0\x66\x17\x46"
	"\xe5\x38\x88\x46\xdf\x2e\x03\x7b\x10\x5e\x91\x5d\x96\x84\xc9\x38"
	"\x10\x18\x10\xb8\x72\x48\x11\xc7\x9d\xbf\xd1\x81\xf4\x37\xd6\xe0"
	"\xd7\x21\xbd\xeb\x5e\xae\x07\x75\xa9\x9f\xa8\x1d\xbc\xab\xcf\x57"
	"\x0e\x0a\x3f\x57\xa7\x4d\x35\x13\x18\xde\xe5\x04\x0c\x38\xb9\x62"
	"\x16\x1d\xcb\xb8\xb7\x71\x52\x85\xf4\x57\xd3\x18\x55\x5c\x2c\xdb"
	"\x6d\x91\x86\x63\x1d\x31\x9e\x79\x55\x04\x6d\x3c\x49\xa9\x01\x5b"
	"\x2f\x1a\x71\x21\x2e\x03\xbf\x84\x93\xd2\x81\x76\xc2\x4c\x50\x1f"
	"\xe9\xaa\xd3\xda\x7d\xb5\xcd\xe7\xa2\xb1\xce\xda\x82\x05\x7a\x35"
	"\xd3\x87\xdb\x2c\xbb\xbb\x0e\xee\x9a\xab\xa7\xbe\xb8\x06\x40\x27"
	"\xb7\x51\x13\xe5\x88\xec\xaa\xd3\xca\xd4\xe4\x07\x6e\x06\x98\xff"
	"\x52\x16\x20\x6b\x0e\x34\x6c\x81\x6b\x9d\x31\x1e\x0c\xd5\x40\xd3"
	"\x25\xe0\xbd\x07\x95\xb2\x13\x05\x94\x18\x95\x67\x75\x49\x1a\x54"
	"\xda\xfb\x09\xd5\x1d\x1b\xa3\xef\x81\x34\xca\xed\x84\x51\x47\x38"
	"\x7c\x0e\xff\xc9\x55\x1a\x06\xe4\x07\x30\x56\x81\x2c\x9f\x1d\x73"
	"\x41\x37\x84\x1d\x36\xbe\x47\xbf\x3a\xd6\x24\xd3\x79\xf7\x4f\x4c"
	"\xb2\xa5\xab\x71\x87\x80\x3e\x1e\xd9\x86\xe3\x83\x6d\x2f\xd8\x12"
	"\x1d\xe3\xf9\xe9\x10\x01\x49\xc8\x37\x29\xc2\x61\xdf\x3f\x91\x14"
	"\xb1\x49\x62\x4c\x3d\x0d\x20\xab\x20\x34\x26\x8a\x09\x83\x6f\xd4"
	"\x2d\x09\x7a\x27\x03\xa4\x11\xa7\xe1\xab\x0c\x4a\xe4\x2a\x70\x20"
	"\xdf\xc8\x11\x75\x91\x47\x38\x6d\x75\x07\x6a\x08\xeb\xea\x3d\xd2"
	"\xf0\xb4\x08\x26\x33\xa1\x08\xce\x0b\xdf\xb4\xd0\x20\x23\x19\xd8"
	"\xeb\xe3\xc3\x52\x18\xc0\x33\x24\x8a\x18\xf8\x0a\x4c\x8c\x19\xc5"
	"\xbd\x53\xd0\xe9\xbd\xfd\x38\xbd\xb1\xaf\x87\xe3\xf1\xfd\xfe\xf0"
	"\x74\xbc\x09\xca\xed\x45\x15\xed\xf4\xfc\x7c\x7a\x19\x40\x4f\xaf"
	"\xa0\x47\xf3\x3e\x13\xe5\x7f\x46\x54\x07\x5d\x25\xc0\x17\x19\xa1"
	"\x15\x5e\xc6\x1e\x44\x49\xa2\xc6\xd0\x05\x98\x32\x44\x9c\xe9\x0d"
	"\x51\x91\x2a\xbb\x24\xdb\xc3\xac\x40\x15\x4d\x19\x8c\x35\x29\xd8"
	"\xa4\x1b\xba\x36\x6d\xdd\x99\xd4\xd6\xf8\xa8\x18\xde\xd0\x4c\x25"
	"\x70\xbb\x52\x91\x0c\x91\x70\x1a\xfc\x72\x53\xe4\xd1\xdc\xf8\x01"
	"\xef\xae\x18\x7d\xe9\x08\x22\xb3\x06\x19\x22\x3d\x7d\x01\x44\xd8"
	"\x5a\x3b\x6a\xe4\xff\x91\x76\x6d\xcb\x8d\xdb\x4c\xfa\x55\x54\xb9"
	"\x4a\xaa\x36\x5b\x22\x29\x8a\xd4\x6e\xed\x05\x04\x52\x12\x63\x9e"
	"\x86\xa0\x4e\x73\xc3\x72\x3c\x1a\x47\x15\x8f\xe5\xb2\x35\xfb\xc7"
	"\xfb\xf4\x8b\x06\x49\x89\x04\xd1\x00\xb7\xb6\x72\x91\x31\xfa\x13"
	"\xd8\x00\x1a\x40\x03\xe8\x83\x3b\x02\xa2\x70\x41\x51\x21\x7d\xc4"
	"\xbb\xa2\x0f\xc1\xfd\x59\xba\xb8\x6e\x9e\xab\x7e\x79\xf3\x7b\xa4"
	"\xab\x7d\xcf\xcc\x83\xe7\x8c\x6d\x10\x16\x6c\xb4\x07\x19\x5b\x99"
	"\xb9\xab\xfd\xb1\x5d\xed\x5b\x1c\x19\xee\x96\xc8\x5a\x7c\x5f\xd6"
	"\xc0\x26\xf9\x97\x5f\xa4\xac\x07\x79\x48\x1e\x94\x39\x8f\xbb\x52"
	"\xbd\x2c\xe9\x8e\x05\xea\x5e\xe6\x75\xd0\xbc\x96\xfb\x9c\xe0\xd9"
	"\x15\x1a\x7c\x1a\xee\x41\x45\xc7\xb3\x08\xec\xb2\x3d\xd7\xe6\x8b"
	"\x75\x08\xf7\x56\xf8\xa5\x59\xf7\xfb\x62\xa7\xac\x02\x96\xcb\xf1"
	"\x66\xb8\x12\x54\x90\x46\xc5\x3b\x40\x4c\xfe\xa3\xa6\xa6\x9b\x89"
	"\x54\xb3\xef\xd6\xcb\x71\x99\x9c\x9f\xde\x2f\xa7\x97\xd3\xd3\xf5"
	"\xbd\x89\x26\x53\x26\x8e\x3d\x81\x25\xbe\x36\x1f\x56\x65\x52\x6f"
	"\xaa\x3c\x94\xab\x7c\x4d\xd0\x95\xe8\xeb\x81\x1f\xbb\x13\x0d\x4b"
	"\xe2\x2a\xba\xd6\x1c\x5a\x86\xc4\x28\x2a\xe3\xf1\xb7\x3b\x14\x5d"
	"\x78\xf5\x58\x6b\xc5\x86\x04\x64\x6b\x79\x53\x6b\x04\x68\x6e\xa1"
	"\x4f\x72\x03\x20\xe6\x32\xdb\x05\x7a\x53\x2c\x1e\x62\x0b\x7a\x98"
	"\x59\x58\x88\xd5\x3b\xc4\x75\x8d\x90\xb9\xe5\x18\x21\x33\x13\x2f"
	"\xae\xe3\xeb\x57\x4e\x12\x53\x77\x6e\x1b\xbe\xb4\xf7\xfd\x85\xbe"
	"\x9a\x65\xc9\x27\x52\xa6\x85\xd0\xa8\x28\xb6\x10\x24\x33\xd7\xc3"
	"\x98\xe3\xc6\x8e\x3d\x02\xe3\x8c\xc0\xcc\x46\x60\x5c\x33\x66\x66"
	"\x8d\xc1\x18\x05\xa8\xc5\x99\x24\xb2\xc5\x15\x61\x94\x46\xe5\x30"
	"\xaa\x99\xe2\x07\x33\x3b\x9e\xd9\x66\x8c\x3b\xe6\xe3\x80\x1b\x53"
	"\xd7\xdc\x8c\xf1\x1c\x23\x66\xee\x1a\x21\xde\xd4\x0c\x19\xd7\x30"
	"\x6f\xcc\x20\xcd\xec\xc3\xc1\x1f\x53\x9d\x83\xe6\x0b\xe8\x60\x66"
	"\x0b\x03\xc4\x75\x62\x43\x35\x7c\x4d\xb7\x2d\x5b\xdf\x4f\x21\xf3"
	"\x2c\x83\xb8\x87\xcc\x77\xac\xb9\x11\x62\x9b\xdb\xde\xc0\x4c\x5d"
	"\xb9\x2e\x93\xb9\x61\x95\x06\xd3\x72\x48\xc3\x3d\x75\x0c\x1a\x1e"
	"\x39\x2c\x7c\xd7\xb0\xb0\x0a\xd0\xc2\xf6\xcc\xa0\xb9\xbe\xc3\x13"
	"\x96\xf8\x0b\x6b\x5e\xed\xe1\xee\x56\x3c\x6b\x8f\x86\x37\xde\x89"
	"\x5a\x7c\x4e\x13\x6b\x6e\x50\x7e\x01\xe3\x2d\x0e\xc6\xa1\x68\x71"
	"\xa6\xb1\xe0\x38\x3e\xf8\x3e\x19\x53\x61\x0d\x1c\x51\xa3\x6b\xd9"
	"\xff\x8c\xa9\x50\xe0\x4c\xf5\x15\xa5\x3b\x37\x88\x27\x40\x1c\xcb"
	"\x08\xe1\x9a\xac\xe9\x63\x6c\x5d\xc6\xa8\x73\xc2\x0d\x14\x15\xab"
	"\x46\x41\x33\x2b\x25\xe6\x73\x22\x63\x89\x3d\x9f\xda\x66\xde\x1a"
	"\x9c\xa9\x63\x39\x6e\xe6\xce\xf5\xd2\xce\x4a\x82\x65\x31\xed\x42"
	"\x5c\x43\x47\x94\x11\x57\x31\xf5\x7b\x50\x49\x98\xed\xba\xb6\x46"
	"\x23\x14\x88\xf9\x41\xa5\x89\x73\x12\x1a\x75\xa7\x8b\xf1\xac\x83"
	"\x19\x63\x4f\xcd\x18\xdf\x4e\xf4\xa0\x15\x59\xf8\x9e\x7e\xe9\x2e"
	"\xe3\x9d\x63\x4f\x49\x44\x6d\xc7\x38\x56\x5d\xac\x69\xfc\x6f\x58"
	"\xc7\x3a\x1c\x46\x22\x0d\x38\xe6\x10\xdb\xf6\x42\x2d\x68\x9f\xf8"
	"\xae\x35\x35\x42\x0c\xca\xa2\x80\xcc\x8c\x10\xdf\xf8\x21\x2c\x6a"
	"\x64\x17\x62\xfb\x46\x88\x63\xae\xc5\xf1\x8c\x90\x99\xb9\x16\xd7"
	"\xdc\x22\xd7\xd8\x75\x9e\x67\xae\xc5\x9b\x9b\x20\xfe\x74\x66\x14"
	"\xc8\x06\x66\x92\x45\x88\x03\x34\x35\xb2\xbd\x98\x4f\xcd\x10\xdb"
	"\x08\xf1\x66\x66\x88\x71\xc4\x17\x86\xdb\x89\xaf\xe2\x1e\x6e\x31"
	"\xcf\x6d\x5b\x7f\x73\x33\x9f\x4f\x95\x4b\x95\x58\x19\x66\xa6\x13"
	"\x93\xe7\x38\x9a\xd5\xa3\xbe\x70\x10\x27\x2b\x29\xd6\xff\x90\x0f"
	"\xe4\x8a\x28\x25\x5b\xdf\x9d\xe9\xfb\x1d\x30\xbe\x35\x02\x63\x98"
	"\xb1\x9c\x57\xc8\x8d\x45\x6c\xd3\xd6\xeb\x4e\xb1\xeb\xb0\x22\xa2"
	"\x1b\x30\x0e\x63\x79\xa2\x6a\x0d\xfc\xd6\xd2\x57\xcf\x3b\x8d\xf3"
	"\xe0\x8c\xc0\xb8\x26\x0c\x74\x7e\x94\xae\xf4\x07\x56\xc2\xf8\x10"
	"\x7a\xaa\x57\x82\x66\x23\x03\x03\xb5\x5e\x3c\x91\xb6\xbc\xf5\xa0"
	"\xef\x16\x1f\xb8\xd8\xc5\xdd\x87\xd9\x5b\x50\x82\xa4\xec\x99\xd2"
	"\x75\x2a\x5f\x46\x29\x98\x21\x32\xe5\x15\x57\x5b\x2b\x05\x6b\xa1"
	"\x6a\x07\xf1\xdf\xa3\xf5\x90\x17\x39\x12\xa5\x68\x9d\x30\x27\x11"
	"\x8f\x8d\x78\x0f\xd4\x18\x46\xb7\x7a\x5c\xad\x1e\xad\x0b\x92\x6f"
	"\xc6\x03\x55\xb5\xd6\xcf\x53\x51\x30\xf4\xd2\xe6\x85\xbd\xac\x90"
	"\x51\x70\xcf\xec\x5a\x16\x61\xba\xee\xe7\xf5\xbc\xc3\x0a\xb2\xbf"
	"\x77\xc8\xb6\xae\xa6\x53\x49\x63\x0a\x71\xbb\x2e\x7b\x3b\x3d\x9d"
	"\x1f\x5f\x04\x0f\x83\xf8\xc7\x80\x27\xb3\x32\xa4\x1b\x99\x15\x42"
	"\xe9\xb6\xcc\xb6\x14\xe1\x81\xd3\x8b\xed\xa1\xff\x61\x51\x54\xad"
	"\x56\x52\x69\x9e\xf7\xc3\x35\xdf\x0a\x23\xb5\x31\xa3\xa0\x33\x24"
	"\x23\x8f\x20\x6e\xe1\x4d\x0f\xe1\x6b\x19\xc6\x0f\x51\x3a\xe8\xd8"
	"\xb0\xcc\xf2\x6a\xb5\x42\x7e\x44\x37\x61\x51\x1c\xfb\x7c\xd3\x4d"
	"\xc4\xff\x3a\xca\x35\xd1\xac\x60\x24\x2a\x90\x8a\xf2\x22\x0b\xa2"
	"\x87\xf0\xc8\x06\x3f\x13\x8f\x17\x68\x93\x68\x6e\x5b\x96\x8d\x71"
	"\x77\x6c\xdf\xbe\x3a\x85\x5c\x0a\xd6\x59\x5a\x44\xac\x67\xeb\xdc"
	"\x96\x0d\x46\x21\x04\x0f\x7b\xb9\x2c\x0e\x69\x96\xc8\x9c\x86\x71"
	"\x86\xf0\x11\x7e\xe5\x2d\x93\xe1\xeb\x30\x59\x46\xc8\xfc\x10\xf4"
	"\x55\x91\x20\xf5\x6d\xb2\x58\xb2\xb7\xad\x4b\x2a\x24\xbf\xba\xa8"
	"\x0e\x9e\x28\xb0\xde\xe7\xec\x09\x91\xed\x37\xf3\xe1\x18\xf6\x0b"
	"\xb6\x14\x0c\xba\x69\xbf\x70\x4f\x62\x2e\x22\xd2\x4c\x3a\x16\x6d"
	"\xd0\x81\x1e\x13\x11\x04\xa2\x47\x59\x8c\xd4\xc6\x2c\x9c\x52\xee"
	"\xa3\x74\x43\x52\x89\xbd\x30\x65\x11\x9f\xec\x99\x54\x1e\x53\xf1"
	"\x5a\x2b\x7f\x1b\x33\x4c\xaa\x69\x69\xb6\xc3\x46\x0f\xda\xdc\x4c"
	"\x74\x45\x69\x15\xfc\x81\x10\xf8\x1f\x79\xde\xb3\xa2\xa9\xcb\xbb"
	"\xd2\x04\x85\xc5\x36\x59\xc6\x61\x4e\x02\x7b\x40\x5a\x2f\x66\xd3"
	"\x41\xe1\x7e\x13\x82\x25\xac\x2c\x94\x09\xe1\x43\x93\x64\x52\xd8"
	"\x97\x9a\x72\x14\xa1\x7b\x90\xf6\x25\x11\xc4\x17\xcf\x56\xa5\x54"
	"\x5f\x06\x61\x5d\x42\x69\x72\x27\xdb\xb8\x8c\x14\xb2\x92\x42\x10"
	"\x98\x34\xc8\xe4\x6f\xa7\x65\x84\x7c\x36\x2d\x8b\xee\xfe\x04\x45"
	"\x59\xd1\x7b\xa4\x14\xeb\x02\x49\x21\x51\x45\x9c\x15\x9d\xc5\xba"
	"\x53\x58\x77\x43\xef\x93\x79\x98\xf2\x6e\x48\x4b\x6c\xa5\x09\x4b"
	"\x12\x1f\x53\x69\x09\xce\xf9\x9a\x15\xd3\xc1\xbe\xd2\x14\x57\x88"
	"\x81\x78\x17\xa2\x34\xb4\x55\x22\x31\xb3\xd8\x1e\x26\x0c\x98\x11"
	"\x44\xf1\xe5\x34\x26\xa9\x08\x00\x40\xa5\xd5\x2f\x2f\xc0\xd7\x45"
	"\x6e\x66\x01\x36\xab\x01\x36\xfb\x8a\x8c\x52\x22\x49\x07\x5f\xca"
	"\x07\x63\xd5\x3c\x3a\x49\x85\xf5\x56\x70\xb3\x0e\x4b\x8f\x03\xc9"
	"\x15\x79\x73\xe3\x28\x7d\x90\xd9\x62\x65\x48\x12\xb4\x17\x38\x95"
	"\xcf\x03\xbe\x63\x2b\x63\x59\x09\xc4\x36\x85\x8c\xe3\x83\xd6\x26"
	"\x98\x4c\xae\x8b\x30\x4c\x09\x8b\x3a\x46\xe2\xb7\xa2\x21\xdb\xa0"
	"\x37\xfe\x91\x1d\x9b\x4f\xdc\xfc\x6d\xee\xa5\x83\x9f\x94\xd1\x2e"
	"\x93\x4a\xb2\x9c\x85\xe1\x40\xee\xca\x0d\x5f\xd9\xb0\xe5\xbf\xdc"
	"\x40\xde\x95\x84\x80\x2f\x44\x3f\xa1\xcf\xbd\x5c\xb7\x15\x6c\x41"
	"\x11\xaa\x72\xe6\x20\xf5\xef\x49\xbd\xbb\x75\x8b\xa2\x28\xc9\xca"
	"\xc1\xca\x72\x88\xf8\x54\x43\x6a\xf9\x1a\x16\x99\xdc\xfb\x6d\x19"
	"\xae\x50\x7c\x3d\x06\x5c\x1b\x1a\xee\x1c\x75\x32\xaa\x6a\xb3\xc5"
	"\x27\x22\x89\x73\xa6\xca\x39\xa2\x56\x22\x6b\xb3\x20\xc5\x84\x57"
	"\x39\x50\x34\xe0\xda\x14\xf0\x16\xe0\xa6\x5f\xef\xad\x1a\x78\xe8"
	"\xdc\xa0\xd5\x64\x1b\x1a\x55\x60\x57\xcf\x95\xe9\xda\x4b\xa0\xa3"
	"\x92\xde\x23\x97\xf5\x0b\x6f\x19\x48\x3a\x65\xf0\xf0\x5c\x6d\x08"
	"\xab\x36\x34\xe8\x51\x24\x58\x9a\xf2\xc5\x90\x86\xe2\xb1\xba\x09"
	"\xe6\x77\x0b\xd6\xd7\x8b\xbc\x04\x5d\xd5\x18\xdf\xf4\xbb\xa9\xcd"
	"\x3e\x05\x3e\x02\x11\xeb\xb9\x49\x08\x72\xcf\x86\x51\x39\x3c\xa2"
	"\xe1\xe5\x5a\x47\xab\xf6\x1b\xbe\xa2\xc4\x11\x2b\xb5\xa8\x65\x2c"
	"\x96\x59\x56\xa2\xa2\x00\x48\x58\x3d\x21\x3f\xd8\x5a\xa4\xb0\x67"
	"\x4b\xd4\xb0\x0a\xc0\x58\xa2\x43\xa0\xed\x45\xef\x2f\xc9\x4a\x2d"
	"\x58\x97\x8f\x2b\x84\xff\xb9\xbe\x5f\x5e\x5e\xc0\x4d\x67\xf8\x92"
	"\x2d\x7e\x3f\xf7\x0e\xd3\x29\x8c\x13\x22\x13\x07\x90\x89\x4d\x7f"
	"\xf7\xb9\x95\xab\x6c\xd1\x65\x8c\x74\x64\x84\xf2\xb0\xa9\x13\xef"
	"\xcd\xc3\xd6\xb6\xa6\x9b\x5c\x0b\x8a\x58\x6e\x59\xfc\xd4\x68\xc2"
	"\x38\x73\x5b\x8b\x59\xf1\xb1\x03\x3b\x26\x1d\x06\x52\x02\x43\xfe"
	"\x0d\x2d\xd3\xa6\x56\xb1\xd8\xb7\xf4\x55\x14\x3e\x99\xcf\xdd\x85"
	"\xa7\x05\x6d\xc0\x8b\x00\x62\xd2\x25\xea\x6d\xb1\xdb\xf3\x7c\xca"
	"\xf2\x1d\x4c\x58\x35\xdf\x24\xa3\xc9\x2c\x45\x5f\x1e\x3f\x3e\x86"
	"\x87\x47\x31\x2f\xbb\x26\xce\xc2\x44\xb0\x10\x71\xf4\xfa\x85\xfb"
	"\x20\x91\x07\xb6\xec\x67\x84\x10\x9f\x4c\xf9\xda\xfc\x1f\x13\xd1"
	"\xfe\x32\x2b\x20\x09\xf8\xb7\xd3\x1b\x84\x3c\x83\x68\x69\x8c\xb2"
	"\x68\xf2\xe7\xcf\xeb\x64\x19\x3f\xc0\x0a\x50\xb1\x60\xf2\xe3\xf1"
	"\xb3\x35\xc0\x7b\x7c\xf9\xb8\x4c\xfe\x3c\x4d\x5e\x4f\xa7\x6f\xa7"
	"\x6f\xff\xc9\x2b\x3d\xf5\x6a\xda\x9c\x5e\xde\x84\x31\xde\x0f\x88"
	"\xe7\x79\x7e\xfd\x7e\xe9\x37\xa4\xc1\xc9\x6c\x36\xc5\x9a\xc0\x94"
	"\x5d\x14\x9c\x4b\xb9\x3e\x81\xf4\xf4\xad\x2e\x52\x92\x15\x91\x16"
	"\xb8\x96\xb8\xe2\x1b\x75\x6f\xdf\xea\x12\x23\x06\x16\x9e\x6a\x1a"
	"\xff\x37\x29\xd5\x24\x16\x04\xc5\x74\x81\xd3\x5c\x57\x4d\xfb\x63"
	"\x9b\xe4\x6c\x93\x21\xb5\x92\x98\x6c\x03\xa2\xa6\x65\x69\x28\x69"
	"\xd7\x5d\xea\x03\x29\x12\xe4\x87\x6d\xf4\x43\xde\x45\x74\x89\x0d"
	"\x46\x98\xf2\xe6\x2e\xe7\x36\x72\x37\x5d\x1b\xe4\xaa\x37\xd1\xe8"
	"\xc7\xe3\xf3\xf9\xf5\xb9\x13\x17\xb0\x3f\x79\x03\x8a\x65\xa6\x11"
	"\x64\x38\x63\x48\x03\xdc\x05\x44\x39\xe6\x2e\x20\x7e\x5d\x6e\x1d"
	"\xb9\x49\x50\xc6\x8f\xbd\x9a\xed\x42\x20\xd6\x24\x58\x87\xa5\xa6"
	"\xde\x2a\x80\xc8\xf2\x45\x16\x87\xfd\x7e\x15\x34\x58\x7b\x87\xf6"
	"\x8f\xf7\x9f\x6a\x65\x3b\x11\x0b\x49\x50\x50\x65\x7f\xa6\x97\xeb"
	"\xf9\xfb\xe7\xe4\xfb\xe9\xf1\xfa\xf3\xfd\x24\x2d\x0e\xd0\xae\xbb"
	"\x7b\x66\x87\x50\x97\xd5\x0e\xad\x0a\x4a\x24\x97\xd6\xe6\xfa\x01"
	"\x3f\xf2\x44\x10\xb7\x35\xee\xa7\xb3\xeb\xcf\x53\x7e\x38\xc5\x3b"
	"\x73\x93\x94\x37\xa3\x32\xe1\x17\x81\x74\x69\x78\xe0\x6b\x58\xca"
	"\x7b\x54\xc3\xbd\xf0\x51\x88\xbb\xe9\xd6\x6e\x6d\x6e\x3f\xb1\x0a"
	"\x49\xb9\x2d\xa4\x21\xd9\xec\x85\x13\xb6\x34\xc5\xc5\xaa\x09\xe6"
	"\xdd\x55\x9c\x83\x47\xed\x50\x41\xa1\x94\x6b\x27\x6d\xff\xf0\x12"
	"\xae\x5a\x57\x5f\x28\xda\xd4\xfa\x62\x32\x84\x0b\x07\x1a\x06\x4d"
	"\xc7\x08\x8f\x0e\xbc\x77\x80\x77\x1a\x16\x65\x84\x42\x82\x3d\x92"
	"\x36\xaa\x21\xda\x28\x11\x1c\xda\xa3\x00\xf1\x39\x6d\x37\x60\xaf"
	"\xff\xe2\x72\x13\x33\x50\x4e\x55\x16\x76\x62\xe8\x85\xe3\x80\xf2"
	"\x67\x7d\xcd\x10\xf9\x7d\x98\x44\x73\x9c\x6d\x4e\xb5\xe7\x78\x27"
	"\x07\xdb\x12\x31\x7d\xae\x59\xdb\xb1\x70\xad\xd1\xef\xd6\x59\x09"
	"\x97\x3c\x38\x42\xb3\xb9\xb7\x4b\x25\x3d\x7a\x74\xee\x68\x60\x22"
	"\x45\x26\xde\xed\x81\xb8\x6d\xc1\x75\x9e\x12\x1c\x54\x62\x82\x6b"
	"\x97\xe2\x32\x57\x11\x6e\xb2\xdf\x12\x4c\x6b\x2c\x0b\x10\xd0\x5d"
	"\xb4\x2c\xe4\xf4\x1b\x82\xbb\x6c\x4f\x8a\x22\xca\xf0\x2e\x92\xc3"
	"\x8d\x4a\xea\x23\x0b\xcb\x5a\x05\x5a\x45\x07\x98\x8b\x1a\xf1\x83"
	"\x5b\x0f\x24\xba\x02\x00\x8e\xfc\xd7\xf8\x50\x87\x5f\x45\x67\x1d"
	"\x70\x49\xe2\x9a\x3e\xfc\xdf\x76\xad\x03\xae\xf2\x6f\x18\x9f\xe4"
	"\xfc\x1f\x8e\x3b\x75\x8c\xa0\xd9\x1c\xb1\x1c\x12\x1d\x1e\xa5\x0f"
	"\xf5\x0a\xab\xef\x22\xba\x21\x19\x7b\x08\x8f\xca\x09\x94\xff\xf5"
	"\xf9\x71\x7e\x7a\x7c\x99\xc4\x8f\x9f\xfc\x64\xa0\x54\x01\xf3\xcd"
	"\x51\x1e\x35\x71\x10\x22\x0f\x21\x24\xa8\x55\x0c\x7b\x9a\xe5\xb5"
	"\xea\x49\xc3\x68\x27\xff\x56\x24\x27\xdd\x2d\xb7\x4c\xaf\xa9\x23"
	"\x06\x58\x62\xef\x8f\x91\xd7\xdf\xdb\x1e\xd9\xae\xb8\x2b\x44\x26"
	"\xeb\xed\x76\xc0\x99\x28\x35\x6c\x97\x5d\x10\x78\xf1\x2b\x6f\x75"
	"\x3a\x40\x68\x69\x25\x9e\x74\xdc\xe9\x54\x41\x6f\x37\xb6\x74\x9b"
	"\x54\xcb\xed\x6a\x05\x3e\x5b\x76\xe7\x93\xad\xdf\x14\xe4\x88\xc9"
	"\xe2\x50\x3d\x8a\xa7\xf7\xf3\xdb\x5f\xa7\x77\x3e\x8e\xf7\x63\x9e"
	"\xbc\x0c\xb6\x67\x9b\x6d\x80\xef\x29\xeb\x42\x4b\x6e\xcf\x24\x28"
	"\x20\x3f\x10\xdb\xc3\xe7\x50\xb2\xd3\x56\x0f\x64\x47\x73\x66\x4a"
	"\x73\xf8\xb9\xd0\x76\xf0\x3a\x80\x41\x7c\x8e\x2e\xf9\xef\x75\x2c"
	"\x70\xb5\xd6\xb6\x3d\xdb\x34\xfa\xc3\xd0\xe9\xfd\x7d\x12\x9c\xec"
	"\x34\x07\xe9\x38\x5a\x82\xc3\x53\xc6\xa2\x52\xd2\x1d\x56\xc3\x03"
	"\x57\x2b\x01\x72\x69\x08\xcb\xbe\xfc\x6b\x15\x74\x55\x15\x29\x5f"
	"\xbd\xe5\xc2\x04\x5c\xae\xef\xa7\xa2\x1e\x6d\x35\x44\xf7\x7c\x55"
	"\xeb\xb2\xde\xcb\x64\xc3\xbd\x50\x4a\x58\x41\x87\xcd\x1a\x14\xf1"
	"\x3f\xd2\xfb\x4c\xec\x37\x83\xc1\x75\x87\x92\x58\xff\x53\x66\xb0"
	"\x2d\x55\x76\xc0\x8d\x58\xf7\x6d\x7f\x75\x6c\x69\xd9\x52\xb3\xf8"
	"\xdf\x50\x29\x4d\xcc\xa0\x70\x24\x08\x62\xb3\x33\x54\xeb\xbf\x21"
	"\xdb\xd1\x43\xea\x09\x13\x53\x05\xd2\x48\xab\xeb\x59\x55\x31\x84"
	"\x64\x30\xd5\x35\x94\x8d\x0e\x29\x48\x50\x12\x3a\xd8\x1d\xcc\x88"
	"\x51\x57\x49\x52\x97\xa6\x16\xbf\x1b\x62\xdb\x3a\xe2\x62\x7d\xb0"
	"\x25\xd4\x32\x8f\x5d\x8d\xd3\x45\xcd\x19\xc2\x6d\x73\xcf\x0e\xe7"
	"\x58\x87\x28\x5d\x02\xcb\x1f\xd8\xd1\x31\x7c\x34\x97\x37\x08\x2b"
	"\x24\x0d\x8a\xec\xfe\x40\x52\x29\xd6\xa8\xf2\x98\x87\xb4\x7b\x83"
	"\x94\x5f\xfe\x25\x02\xff\xbc\x80\xe2\xf0\x29\x22\xfc\x97\x9f\x6f"
	"\xa7\xdf\x95\xfe\x32\xe2\xd7\xd5\x96\xb2\x48\x77\x25\x2a\x6e\x44"
	"\xb5\x9b\x7f\x85\x6a\x0f\x7b\xa5\x47\x56\xd2\x4f\xee\x99\x50\xed"
	"\xa5\x19\xd0\x5b\xe7\x75\x56\xf6\x0e\x80\xf9\xbe\x00\xbf\xed\xb0"
	"\xae\xb1\x5f\x58\x5b\x9e\x74\x72\x66\xf3\x6a\x96\xa0\x20\x29\x8a"
	"\x5a\x47\x7a\xa7\xb3\xd3\x43\xc2\x08\x2e\x28\x58\x22\x97\x86\x69"
	"\x84\x5f\x5a\x1c\xf3\x32\x93\x5b\x59\x97\x2a\xe4\x74\xc0\x0f\xff"
	"\xb4\x74\xe8\x06\xda\x6a\xb5\x45\x99\x09\x93\x65\x18\x04\x7c\xb4"
	"\x44\xa2\x0b\x0c\x05\x07\xe1\x54\xc8\x54\x50\x81\x53\x08\xea\x82"
	"\x26\xc0\xfb\xa2\xda\xe7\xc3\x7c\x18\x22\x9b\x46\x9d\x50\x63\xc4"
	"\x55\x36\xd4\x84\xa5\xf3\x03\x1a\x7c\x8d\x1f\xed\xfb\xc9\xcd\xc3"
	"\xce\xa0\x2b\x28\x94\xd0\x4d\x88\xff\x82\xeb\xc3\x03\x3f\xb8\xfa"
	"\x77\x5f\x74\x79\x77\x5a\xd4\x66\xcf\x81\x72\xdf\x93\x22\xe1\xff"
	"\x8b\xd0\x9e\x65\xc1\x46\x47\xcd\x71\x5a\xb0\x47\x49\xbb\xed\xd2"
	"\xc1\xd2\x38\x26\x70\x24\xd9\x50\x0d\x31\xd8\x44\x73\xae\x7d\xe3"
	"\xbf\xe7\x2d\xd6\xd1\x1a\x41\xd5\x4b\x94\xb8\xc9\x96\x00\x92\x1c"
	"\xb5\x81\x1d\x3a\x09\x77\x12\x56\x46\xea\xa3\x4a\xb8\x17\xcf\x30"
	"\x1d\xdb\x05\x78\x94\x91\x32\x07\xdd\xcb\xea\xec\x42\xbd\x88\x43"
	"\x40\x5b\x16\x70\xb8\x4c\xe1\xb8\x0e\xa3\xb9\x81\xd4\x45\x43\x33"
	"\x31\xb0\xed\x50\x2c\x8b\xa2\x06\x42\x4a\xcb\x46\x92\xb1\xd5\x00"
	"\xe6\xcc\xb1\x8c\xf5\x35\x0f\x34\x99\x3b\x88\x69\xf1\x1d\xe0\x6a"
	"\x00\x22\xd3\xe8\x54\x4b\xc7\x7c\xf7\x04\x3d\xa7\x64\xe1\x3a\x1a"
	"\x00\x1a\x97\xa6\xae\x1e\xf2\xf2\xce\xf4\x74\xd7\xd6\xd1\x5d\x17"
	"\x89\x57\x7d\xa7\x3b\x7a\xfa\x5c\x5b\xbf\x8f\xe5\x4b\x6e\xe9\x98"
	"\x87\xce\xbd\x7b\x90\xd8\x3d\x37\xc0\xdc\xd1\x00\x02\xae\x76\xd8"
	"\x33\x36\x45\x6c\x85\xeb\x4a\x90\x18\x48\x82\x78\xcb\x3e\xa7\x91"
	"\x92\xc0\xf6\xa7\xba\x5e\x28\x1d\x77\xa1\xe9\xc5\x92\x12\xc8\xa5"
	"\xa7\x01\xc4\xd4\x5d\x60\x2e\x02\x37\x39\x74\xff\xc1\xe9\x0f\x65"
	"\x60\xcf\x17\x1a\x1e\x23\xe6\x58\xab\xd8\xb1\x16\x07\x23\x46\xb2"
	"\x63\x96\xe6\xa9\x78\x51\xfa\xf3\xe5\xfc\xfa\xf7\xaf\xd6\x6f\x42"
	"\xe1\x29\xd6\xcb\x49\x63\xa3\xf5\xf3\x15\xf2\xc6\x28\xec\x2f\x27"
	"\xbf\xde\x8d\x23\x7e\x1b\xcc\xf4\x25\xdc\xdc\x68\xc6\xa8\xce\x6e"
	"\x8d\xd3\xb7\x92\x61\xed\x8d\xe5\xf2\xfd\xfc\xfc\xdc\xbb\xbe\xe9"
	"\x3e\x30\xcb\xcb\x59\xfb\xee\xdc\x86\xfb\x91\x06\xa9\xa1\x66\x7c"
	"\x4d\xdb\x64\xa5\x66\x34\x1b\xe0\x26\xe4\xaa\xcb\x32\x24\x23\xa0"
	"\x7a\x13\xa4\x1e\x94\xe6\x5b\x33\x48\xbf\xaa\xb4\xa8\xd6\x3c\xa0"
	"\xdf\xb5\xa2\xf3\xce\x6f\xd7\xc7\x3f\x5f\x4e\x1f\x93\x6b\xdd\x83"
	"\xf7\xc1\x4d\x4f\xd7\xef\xe7\x97\x2b\x24\x05\x12\xe9\x73\x26\xbf"
	"\x42\x47\x5f\x1f\xdf\x9f\x4f\xd7\xe1\xc8\xde\xba\x94\x2b\x3d\x2c"
	"\x0a\xd3\x31\x0d\xc4\xb3\xb4\xf5\x70\x39\x49\x91\xe8\x67\xfc\x3c"
	"\xc4\xb7\x9d\x68\x19\xc5\x6a\x5f\xfb\x90\x2f\x1a\x43\xd5\xa6\x28"
	"\x29\x5c\x43\xf4\x0b\xa4\x5d\x0f\x8a\x36\xb4\xcc\xd8\x51\x5d\xd8"
	"\xc6\xb5\xfa\xe5\xfd\xfa\x34\xed\xc4\x38\x00\x08\x27\x97\x19\xa2"
	"\x2d\x00\x1d\x4d\xb8\xcc\x69\xe9\x8e\x6f\xd8\xed\x21\x83\x17\x4c"
	"\xce\x6d\x0c\xdf\x8e\x68\x03\x10\x6e\xf8\x6a\x37\xe3\x3e\x7f\xa2"
	"\x1c\x9e\x6f\x14\xc5\x52\x9c\xac\x6e\x79\xb5\x8d\xc2\x4a\x8e\x98"
	"\xd5\xe7\xba\xd8\x0d\xb4\xf0\x9b\x9d\x0d\x70\xaa\xd8\xdd\xdb\xdf"
	"\x91\xe5\xd2\xfd\x1a\x32\x47\x5b\x39\x59\x1e\x7c\x24\x9e\x62\x0b"
	"\x09\x98\x1c\x35\x51\x09\x41\x5c\x3d\x3a\x90\x39\x96\xd5\xb8\x81"
	"\x6c\x8e\x89\xef\xce\xf5\xfc\x26\xe4\x30\x5f\x60\x49\x6b\x1b\x4c"
	"\xc1\x5c\xea\x18\xbe\x15\xb1\xd8\xb2\x91\x0c\x3c\x7d\x8c\xad\xaf"
	"\xe8\xc0\x21\xae\x16\x91\xd3\x15\xea\x0d\xd6\xc3\x4c\xe7\x23\x40"
	"\x63\x30\xbe\xa1\x0f\x67\x56\xe9\xeb\xbb\x70\xf9\xc5\xb1\x1f\xb4"
	"\x08\xc6\x35\xb7\x05\x12\x61\xb0\xc5\xac\x12\xd4\xf3\xfb\x36\x56"
	"\x5c\xfc\x2c\x23\xc4\x45\x9c\x80\xbb\xb5\xd8\xfa\x51\x08\x13\x67"
	"\x6a\xeb\xa5\xb8\x80\xf4\xc4\xce\x30\x5a\x13\x3f\xda\x18\xa6\x1a"
	"\xf4\xe8\xc2\xdc\xe9\x8b\x99\x79\xa2\xd9\x66\x88\x6b\x84\xcc\x1c"
	"\x33\xc4\x3c\xa3\x17\x53\xf3\x54\x44\x1c\x91\x6f\x5d\xba\xc0\xc2"
	"\x8f\xdc\x87\x6e\x66\x1e\xdd\xb9\x65\x8d\x98\xf2\x33\x7f\xc4\xd2"
	"\x61\x9b\xa6\x8f\x6d\x19\xe6\x6a\x42\x73\x6f\xe1\x22\x5b\x89\x22"
	"\x9a\x0b\xc8\x0f\x5c\x53\x8d\x58\xb2\x03\xe6\xd8\xce\x18\x0e\x4d"
	"\x82\xcc\xe5\x68\xd1\xbf\x01\x14\x9f\xcb\x5f\x1e\xaf\x5c\xc1\xfc"
	"\x61\xe6\xc3\xb2\xfd\xb9\x49\x40\xb0\xe0\xe9\x5d\x88\x6b\x94\xc4"
	"\xb9\xef\x56\x2b\x92\x44\xf1\xd1\x84\xf4\x66\xa6\xc9\x61\xcf\xa6"
	"\xfa\x29\xc6\xca\x07\xcb\x2b\x89\x41\x50\x66\x7e\x69\x68\x3d\x40"
	"\x1c\xd7\x08\x41\xc2\x3a\xdd\x20\x2c\x99\xdb\x86\x46\x2d\xbf\xcc"
	"\x7c\x83\xd0\x16\xb9\x4b\x0d\xb3\x0c\x04\x42\x3f\x83\xbe\x1e\xd3"
	"\x2f\xc9\xf0\x2e\xec\xf2\xfa\x3b\xa8\xc4\x06\x79\xc9\xe3\xa9\x61"
	"\x9d\x07\x84\x9e\xc5\x55\xc9\xff\x65\xda\x0b\x58\xba\x63\xc8\xcc"
	"\x13\x1d\x2a\xe2\xa9\xc9\xea\x96\xe8\x23\xcf\x51\x45\x79\xe4\x47"
	"\xa8\x3a\x89\xaa\xa9\x85\x1d\x5b\x6b\xd9\xe2\xa5\x7d\x0b\x4e\xc8"
	"\xdd\x8c\xf8\xfe\x42\x7c\x2b\x1d\x6a\xa0\x75\xda\x88\x84\x0c\xc3"
	"\xd8\x43\x1e\xe2\x30\x5d\xf7\x02\xd3\x43\x59\x13\x62\x5b\xdc\xf7"
	"\xa4\x61\xcc\xfa\xd4\xac\xe7\xf2\x01\x86\x83\x05\xe1\x32\xb6\x86"
	"\x4f\x28\x15\xf9\x64\x49\x60\x60\xfc\x83\xba\x39\x4d\x94\xc7\x7e"
	"\x1e\x72\x11\xc4\x0f\xab\x11\x2e\xfb\x63\x30\x00\x21\x48\x4a\xd2"
	"\x84\x2b\x4c\x90\x89\x5e\x2d\xd0\x79\x0c\xf9\xf2\xb0\xca\xeb\x37"
	"\x50\x13\xb9\x96\x63\x14\xf5\x85\x66\x90\xba\x41\xb4\x6e\x9d\x94"
	"\x06\x0c\x9e\xe2\x1c\xbc\xca\xe8\x17\x0c\x12\xec\x81\x01\xaa\x1c"
	"\x6c\xfa\x72\x3e\xbd\x5e\x7b\x42\x46\xd8\x31\xa5\x55\x89\xb7\x8d"
	"\x97\x2b\x4f\x01\xbc\x7c\xb9\x5d\x0d\xad\xd3\x45\x7d\x60\x2b\xd0"
	"\x13\x88\xed\x41\x6b\x53\x83\x9c\x69\x77\x2b\x8c\xc0\x85\x51\x95"
	"\x9b\xba\x43\xbe\xc7\x58\xdb\x9d\xdf\xaf\x90\x86\x79\x38\xc3\x6a"
	"\x1c\x3f\xa3\xc7\x71\x86\xdc\x42\x34\x90\x81\x7d\x9d\x0c\x48\x92"
	"\x3e\xab\x8d\x31\xff\xd3\xfb\xe5\xe3\xf2\xfd\x3a\xd9\x7c\xbe\x9d"
	"\xde\x7f\xdf\x4d\x9e\x7f\x9e\x3e\xae\x2a\x0f\x85\xcd\x31\x0f\xe1"
	"\xc0\xc5\x68\x0e\x16\xbe\x0a\x07\xed\x92\xac\xa5\x48\xa7\x51\x11"
	"\xa8\xc7\x2c\x2f\x22\x96\xd8\xf0\x84\xa4\x24\x73\x19\x0b\x91\xd0"
	"\xb6\x45\x19\x63\x89\x0d\x38\xc9\xf7\x6c\x67\xa9\x7e\x8d\x2a\x7c"
	"\xcf\xb2\xb7\x08\xc9\xf2\xfd\x7e\xa2\xf1\xfa\x1c\xc9\x7b\xec\xe3"
	"\xda\x98\xb0\xde\x06\xa7\xce\xeb\xfb\xf4\x74\x7a\x39\xbd\x5f\x7e"
	"\x9c\xe4\x8c\xe2\x84\xcb\x91\x35\xb7\x91\x3d\xa7\xa5\x3a\x5a\xea"
	"\x42\x47\x9d\x0d\x8d\xf6\xc8\xeb\xe3\xcb\xe5\x59\xe4\xb0\x3e\x3f"
	"\x9f\xaf\x8f\x2f\x70\x41\xc2\xd9\x1d\xf2\xe6\xcd\x91\xf0\xf1\x9c"
	"\xe4\x21\xe7\x1e\x4e\xf2\x2d\xf4\x57\x16\x72\xf5\xc7\x49\xb6\x8f"
	"\xb2\xda\xf2\xf9\xe7\xf9\xf7\x6f\xe7\xf7\xd3\xd3\x55\x24\xfe\x46"
	"\x98\x2e\x3d\x29\xe4\x54\x93\x8f\xfc\xed\xf1\x89\x57\xf2\xfa\x74"
	"\x1a\xd5\x72\xcb\x45\x9b\x67\xb9\x68\x1b\xbc\xd9\xf0\xcb\x81\xe0"
	"\x98\xff\xaf\xfe\x22\xfb\x7c\xbd\xfe\x75\xfa\x38\x4b\x1f\x5c\xf8"
	"\x0e\x56\x2b\x27\xcd\x14\xb5\xd6\xd5\x3d\x7f\xf2\x29\xf9\x74\x79"
	"\x3b\xb5\xa9\xe5\x87\xd2\x35\x55\x18\x6e\xa6\xa7\xeb\xbf\x2e\xef"
	"\x7f\x8b\x0e\xfe\xfc\x9f\xd3\xfb\xbf\x4d\xa2\x1f\x6f\xa7\x6f\xa2"
	"\x7b\x28\xd2\x27\xee\xc2\x19\x1e\xe9\xe2\xf3\xf3\x5f\x57\xd5\xb7"
	"\x4b\x16\xdb\xff\x78\xff\x0c\x87\x94\x8f\xde\x7f\x9f\x26\xa7\xd7"
	"\xd3\xfb\xf3\xe7\x44\xcc\x08\x98\x31\x11\xed\x7f\x2c\xf4\xb0\xd8"
	"\x25\x35\x6d\xa6\xa1\xf9\x1a\xda\x02\xa5\xf9\xee\xb0\x97\x8b\xd3"
	"\xc7\xe5\x05\xee\x92\x47\x88\x8c\xcd\x16\x98\xc8\xd8\xfc\x10\x30"
	"\xd5\x11\xad\xe1\x08\xb5\x37\xc2\x93\xdf\x61\x55\x79\xfd\xc6\x27"
	"\xc2\xeb\xe9\x96\xae\xfe\xed\xf4\xf8\xf7\xcf\x37\xe0\x85\x33\xc8"
	"\xc7\xfe\xed\x74\x7a\xfa\xab\x17\xdf\xb2\x5e\x5f\xab\x81\x6f\x7b"
	"\x33\xaf\xbe\xbd\x5f\xce\xdf\xee\xdb\x1c\x61\x9b\xfa\xe2\xae\xdd"
	"\x26\x85\x8d\xdc\x03\x44\xac\xe8\x38\x1e\xb6\x79\xb3\x93\x87\x41"
	"\xe4\xf6\xd6\x00\x41\x5c\xc8\x91\x98\x88\xcc\xf3\x3b\xf9\x65\x75"
	"\x9d\x64\x55\x41\x92\x2a\xcb\xb9\xea\x17\x7d\x0d\xd1\x37\xe5\x30"
	"\x15\xa9\x95\xd6\x49\x66\x82\x90\xb5\xea\x3d\x51\xf2\x0c\xe7\x7f"
	"\xe2\x96\x96\x40\x1c\xc4\x56\xef\x7c\x48\x51\x57\xb6\x52\x7f\xb3"
	"\x2a\x20\x80\xc6\x26\x24\xbd\x37\xe5\x76\x2c\x96\x19\x16\xad\x82"
	"\x2b\x98\x15\x57\x2e\x3d\x7b\x86\xbc\x7a\xa4\x48\x2a\x97\x35\xab"
	"\x20\x66\x2a\xe4\x4d\xc2\xf6\x46\xb0\xcb\xa1\xf1\x43\x75\x88\x53"
	"\xc8\xae\xf0\xb0\xff\x5a\xa0\x39\x73\xca\x95\xba\x9a\x7d\x14\x53"
	"\x6b\x3a\x9d\xe2\xef\xbb\x77\x04\xf6\x7c\x8d\x39\x52\x3c\x30\x0f"
	"\x3b\xab\xac\x8b\xf0\x28\xd9\x8b\xfc\x7f\xac\x57\x4a\x9a\xab\xdf"
	"\x6e\x52\x92\x66\x98\xb3\x5f\x1e\xcd\x90\xb8\x9f\xeb\x2c\x0e\x56"
	"\x11\x53\xc7\xe6\xa5\x9b\x82\xab\x25\x37\xd7\x3a\x95\x5a\xc7\xc7"
	"\x02\x6e\xae\xb9\xae\xf6\xb0\xed\x46\x37\x20\xbb\x50\x0c\x58\x5e"
	"\x84\x39\xe9\x7a\x28\xdc\x07\xf3\x16\xde\xb6\x0e\x6d\x4e\x5f\x2e"
	"\x4f\x7f\xd7\xb9\x93\x60\x55\xef\xb6\xbc\x23\x00\xa0\x5d\x12\x48"
	"\xba\xa4\x66\x98\x23\x36\x2c\x78\x30\x89\x11\x8b\x5c\xc7\xb5\x46"
	"\xa0\xac\xd9\x08\x10\x12\x7c\xaa\x03\xa2\x01\x0d\x3d\x44\x0d\x91"
	"\x60\x0b\xe4\xe2\xb2\x0b\x63\x10\x86\xbf\x42\x42\xd2\x03\xe2\x4b"
	"\x56\x44\xaa\xc4\x0c\xdd\x99\x04\x61\x5c\xba\x13\xbc\x43\x4b\x0f"
	"\xb9\x89\x07\xec\x95\xb7\x0b\x39\x10\x23\x24\xa2\x88\xc6\xd0\x1d"
	"\x72\xea\xea\x9b\xa2\xca\xac\xd7\x25\x97\x73\xcf\x33\x0e\x36\xa0"
	"\x90\xd0\x53\x12\x6a\xee\x8e\x42\xf9\x63\x50\xfe\x28\xbe\x7c\x53"
	"\x07\x48\xf1\xd2\x07\xa4\x8a\xe4\xdb\xa9\x81\x6e\x19\xe8\x7c\x1c"
	"\x32\xf5\x44\xee\x82\xc0\xce\x52\x8b\x69\x22\x6d\xa3\x00\xca\xf7"
	"\xe7\x23\xd8\x8c\x46\xe9\x08\x58\x41\xf6\x64\x1c\x6c\xa9\x83\x45"
	"\xc9\x9a\xc3\x2c\x33\xc4\xd6\x43\xf2\x2a\x8a\x68\xb5\x2f\x48\x5e"
	"\xd1\xd1\xc8\x70\x34\x32\x1d\x8d\x64\xa3\x91\xfb\xf1\x48\x7d\xa5"
	"\x79\xd8\x7b\xa7\x1d\x22\x92\x20\xaf\x13\x0c\x02\x5d\x0b\x5c\xad"
	"\x4d\x55\x25\xbd\x9a\x90\x79\x23\x90\x2c\xa0\x53\x0e\x1e\x33\x81"
	"\x20\xa8\xbd\xee\xab\xbb\x80\xef\xbf\x6b\x9a\x69\x87\x61\x17\xa6"
	"\x37\x10\xc6\x17\x12\xde\x59\x42\x21\x46\x36\x9b\x3d\xd7\x4e\x52"
	"\xd9\xf3\xa5\xde\x2e\xc5\x16\xca\x2e\x3f\xdf\x9f\x4e\x43\x5f\x9a"
	"\x3a\x51\x50\xd6\x89\xb5\x51\x97\xe4\x45\xb6\xec\xca\x60\xfc\xc0"
	"\x0a\x2a\x2e\x4f\x3a\x9a\x71\x9d\x00\x75\x23\x67\x6c\xea\x97\x57"
	"\xe1\xae\x84\xd0\x62\x5d\xdf\x43\x09\x91\x65\x71\xb5\xcf\x8a\x07"
	"\x52\x34\x19\xb1\xba\xf7\x88\x45\x41\xca\x2d\x87\x4f\xa7\xbe\xeb"
	"\xbb\xdd\xd0\x1a\x2c\x8a\x21\x5a\xd6\x0d\x62\xcd\xad\xa9\xf8\xaf"
	"\xf7\xa1\xf9\xec\x06\xe0\x15\x2c\x6c\xab\x77\xdf\x55\x34\xf9\xa6"
	"\xb8\x76\xe7\x23\xef\x02\x75\x2a\x97\x3c\xc2\xcc\x25\x9b\xdf\x1f"
	"\xd9\xc0\x68\x85\xb5\x0d\xa4\xc8\x2d\xe2\x0d\x90\x94\x5b\x5b\x8f"
	"\x28\x13\xf5\xa5\x4d\x78\x6b\x80\x32\x5a\x10\x5f\x32\xe3\x65\x76"
	"\x90\xdb\x9c\x6c\xb6\xc8\xed\x6a\x1b\x48\x0f\x05\x38\xf6\xb4\x4a"
	"\x78\x95\xea\xbe\x6a\x2e\x94\x31\x7a\xc3\x0e\x7e\x64\x59\xd2\xa4"
	"\x5a\xc5\xe1\x01\x58\x90\x2a\xe9\x74\x39\x4d\x82\x2f\x82\xde\x37"
	"\x7f\x2d\xf2\x84\xad\xa5\xf2\x88\xcf\x9f\x6d\x3f\xd7\x57\x5d\x74"
	"\xb7\x3e\x11\xd3\x64\x0d\xe7\xf6\xf3\xd3\x44\x10\x27\xf9\xe3\xf3"
	"\x49\x98\xdf\x4c\x98\x1c\xfc\xa4\xfe\x75\x94\x55\xf9\xba\x84\x73"
	"\x5a\xff\x04\xd5\xa7\x55\x71\x4e\x42\xe5\x81\x4a\xc2\xf1\x31\xd9"
	"\x79\x4c\x5b\x55\x0d\xa9\x58\x18\xaf\x10\x9b\xeb\xf6\x27\xbb\xce"
	"\xee\x97\xad\xea\x62\xb9\xf5\x81\xf0\x85\xef\xc9\x04\x4b\x10\x11"
	"\x6b\x89\xd5\xce\x41\x0f\x92\x82\x6c\xf7\x87\xa3\x2e\x6d\xf9\x0f"
	"\x0f\xe5\x7f\x39\xb3\xf6\xf6\xe1\xc7\xe5\x7a\x7a\x7b\xbf\x3c\x0d"
	"\x57\xa4\x22\x84\x68\x39\x8d\xa1\x4c\x8d\x7e\xfb\xf1\xf1\xac\x00"
	"\xc2\x68\xf7\xde\x71\xc4\xf0\xd3\x0d\x51\xf9\x12\x34\xb2\xd1\x0f"
	"\xf6\x51\x17\x8a\xbb\xfc\xb5\x70\x5d\x2c\xf2\x61\x36\x61\xc8\xf0"
	"\xf1\x2b\xfb\xfc\xb8\x9e\x7e\x4c\x32\x7e\x24\xf9\xeb\xfc\xf6\x1b"
	"\xdc\x4b\x3c\x9d\xbf\x73\x79\x09\xa4\x0b\xd1\x1f\x2f\x97\x67\x5e"
	"\x0c\x39\x99\xa4\xbb\xd2\xe5\xfb\xe5\xf1\xdb\xd3\xe5\x87\x44\xeb"
	"\x64\xff\xa3\xd5\xb2\xa0\x09\x2b\x97\x43\x63\xb0\x7f\x4f\x0e\xd2"
	"\xef\x3a\x1d\x9d\x27\xcd\x76\x2c\xf5\x7f\x57\xe8\x85\x1d\xf2\x60"
	"\xc6\xc4\x79\xd2\x2f\xe0\x4c\x34\x57\x23\xe2\xbb\x5f\x7e\x3e\xbe"
	"\x70\x96\x71\x9e\xb7\xe9\x21\x12\x59\x90\xd4\xab\x17\xc4\x3b\x55"
	"\x2d\x4b\xb9\xb8\x44\x59\x15\xe1\x97\x5b\x6a\xf4\xfa\xcf\xc9\xfa"
	"\xc2\xbf\xf1\x7a\xe9\x36\xb1\x21\xf1\x63\xe9\xae\x0d\xa5\x99\xa5"
	"\x41\x98\x90\x7e\xf6\xc4\x2e\x2c\x0f\x0b\x58\xc6\xc0\xc9\x57\xfd"
	"\x58\xd2\xc5\x82\x33\x34\xe3\x67\x53\x23\x12\x8c\x1c\x59\x4e\xc6"
	"\xd4\x49\x18\x8b\x76\x43\xc7\xc8\xb6\x95\x81\x6a\x18\xbf\x64\xac"
	"\xb3\x2a\xf5\xae\x84\x82\xdd\x4a\xec\xbf\x75\xae\x24\x7e\x7e\x46"
	"\x17\x50\x09\xed\x79\xff\x07\x34\x64\x88\xd2\xa1\xef\xa3\x56\x27"
	"\x0f\x54\x19\xf6\x1d\xca\x5a\xcd\x11\xcd\x0d\xff\xb9\x3e\xf1\x53"
	"\x7c\x13\xd1\x45\xe1\x17\x51\xc3\x2b\x12\x50\x91\x36\x52\xbd\xc3"
	"\xd5\x18\xd4\xa0\xb2\xa1\x43\x08\x1c\xc7\x75\x75\x90\xa2\xf4\x17"
	"\x9e\x43\x74\x10\x96\xb8\x2e\xf2\x94\xde\x20\x6a\xf7\xe5\xb5\x09"
	"\x22\xb3\x2b\x31\x0b\xaf\xa6\x6c\x39\xc8\x53\x24\x5c\xe3\x83\x48"
	"\xe9\x26\xc2\xd7\xc5\xe2\x28\x2f\xda\x79\x6c\x79\x76\x95\xe4\xfd"
	"\xc0\x36\xdd\x09\xdd\x4d\x67\x7a\x7b\x96\xec\xba\x0a\xdd\x0a\x03"
	"\x3e\x8d\xff\x97\xb5\x27\x5b\x6e\x23\x47\xf2\x57\x14\xfd\x34\x13"
	"\x31\x3d\x4d\x16\x0f\x91\x0f\x7e\x00\xeb\x20\xcb\xac\x4b\x05\x14"
	"\x45\xf9\xa5\x42\xb6\xd9\x6e\x45\x5b\x92\x57\xa2\x76\xda\xfb\xf5"
	"\x9b\x09\x54\x91\x00\x0a\x09\xaa\x63\x37\xa2\xdb\x36\x91\x59\xb8"
	"\x91\x07\x90\x87\xab\x3c\xd6\xab\x48\x75\x09\x30\xc5\x47\x39\xe9"
	"\x1f\x6c\xb0\xae\x53\x69\x1b\xba\x5c\x9f\x10\xbe\x4d\xd2\x44\x62"
	"\xd9\x1f\xf6\x8e\x61\xee\x0b\x4d\x40\xe8\x8c\x4f\x49\x38\xef\x43"
	"\x75\xf9\x30\x1c\x95\x5c\x7c\xcf\xda\x67\x93\xe9\x8c\x8c\x05\xde"
	"\xc3\xa9\x5b\xc2\x55\xce\xc6\xc4\xc3\x12\x80\x82\x80\x02\x85\xe3"
	"\xd9\x48\x9a\xd3\xba\x0d\x40\x23\x16\x10\xb5\x46\x6c\x42\xd8\xde"
	"\x00\xef\xaf\x23\xe2\xe2\x49\xc1\x96\x34\x8c\xb8\xd0\x94\xf3\x2a"
	"\x54\x47\xdb\x09\xdb\xa7\xee\x05\xdc\xee\x79\xb4\x24\x20\xe1\xc7"
	"\x2d\xc8\xee\x6e\x2d\x28\x0f\x27\xc1\x84\xf2\xe1\x61\xd7\xd3\x19"
	"\xbd\x30\x3d\x9c\xf6\x3e\x62\xd7\xf3\x39\x59\xf7\x62\x4a\x3c\x8a"
	"\x01\x6c\x39\x23\xee\x0b\x15\x8c\x18\xca\x3e\x9c\x8e\x08\xfb\x3c"
	"\x80\xcd\x03\x82\x86\xf1\x90\x4d\xc8\x24\x1b\x62\xbb\x98\x50\x21"
	"\xbf\x01\xb6\x62\xb3\xff\xd3\x6b\x69\x30\x27\xdf\x3d\x83\xe5\x98"
	"\x06\x51\xef\x55\xd7\xd3\x6b\xfa\xf9\x95\x6e\xeb\x9a\x6e\xeb\x7a"
	"\x39\x21\x1f\x6d\x17\xd7\x14\x68\x19\x90\x5f\x2d\x09\x37\x8d\x50"
	"\x3e\x06\x8c\x91\x65\xb9\x59\x40\xb1\x8b\xb3\xb2\xea\x83\x02\x95"
	"\x54\xb8\xe9\xc5\x94\xb0\x0d\xdb\xec\xa9\x6c\x0d\x69\xc1\x02\x0c"
	"\x7d\x4e\xb4\x9c\x89\x30\x98\x12\x77\x9a\x12\x46\x39\xe8\x20\x8c"
	"\x88\x9f\x00\x4c\x75\x4c\x99\xc4\x22\x6c\x3c\xa6\x3c\xf3\x24\x70"
	"\x41\xc2\x26\x84\x8d\x32\x66\x14\x9a\x13\xe3\xcf\xc3\x0a\x94\xcf"
	"\x3d\x09\x9b\x3a\xb3\x10\x9c\x79\x9e\x98\xcf\x40\x1c\x62\xcd\x1e"
	"\x66\x50\x97\x7a\xe7\x93\xd9\xfe\x5c\xac\xbd\x9d\x34\xd7\x94\x59"
	"\x9d\x54\x19\x38\xc8\xdd\x6d\x4a\x2d\xc7\x19\x65\x47\xa1\x88\x14"
	"\x17\x73\xb4\x18\xfb\xc1\xc4\x6d\x78\x0f\x9e\xf2\x11\xe1\x60\xa6"
	"\x30\xc6\xc1\x78\xb2\xf0\xc1\x47\x0b\x3e\x1e\x05\xde\x1a\x16\x7c"
	"\x34\xf3\x62\xcc\xc7\x7c\x4e\x84\x2c\x92\x18\xd0\xc2\x78\xe6\x01"
	"\x5f\x2f\x09\xb3\x04\x05\x5e\xcc\x17\xe4\x10\x44\x16\x4e\x67\x44"
	"\x52\x91\x5d\x32\x1f\x8f\xec\x13\xd3\x29\x6a\x3f\xbe\x83\x02\x37"
	"\xa0\x75\x0b\x2b\x3f\xaa\x82\xfe\x71\x78\x94\x11\x69\xb8\xc3\x14"
	"\x41\x64\x8c\xb7\x18\x88\x5f\x9a\xfe\x11\x44\x83\x2f\xa8\x43\xcd"
	"\x6e\xec\xe8\x6d\xe7\xde\x7f\x5a\x2c\x87\x8e\x60\x9b\x87\xaf\xbd"
	"\x41\x22\x5a\xe6\xa8\x97\xb2\xd3\xfb\x39\xaf\x7a\xe0\x09\x60\x32"
	"\x69\x5e\x75\x3d\xb5\xde\x05\xbb\x67\xb7\xb7\xa7\xa3\xa6\xb3\xf6"
	"\xc6\x18\xc0\x24\xee\x15\xbb\xa0\x78\xc4\x6c\x34\xa7\x2c\x17\x66"
	"\x93\xf9\x88\x04\x91\xc6\x36\xb3\x69\x30\x26\x41\xd3\x39\x0d\xa2"
	"\x0c\x21\x66\xb3\x65\x50\xd3\xb0\x09\x0d\x1b\x91\x23\x9b\x07\xd3"
	"\x9a\x94\x2c\x90\xb0\xce\x49\xe3\x97\xd9\x7c\x41\x0e\xe2\x9a\x90"
	"\x01\x10\x34\x1f\xd3\x20\xb2\x9f\x1e\xce\x39\x21\x8d\xb0\x16\x0b"
	"\xc2\x7a\x2b\xaa\x4a\x81\x6e\x9f\x6e\x4a\x3c\x0f\x26\xc4\xa0\x81"
	"\xb8\xcf\xc6\x24\x33\x99\x2d\x02\x92\xee\x4f\xaf\x89\x17\x50\x84"
	"\x2d\x09\xf7\x1b\x75\xf8\x23\x87\x8d\x25\x9e\x9b\xaf\x6f\x8f\x8f"
	"\x3f\xbb\x3b\x8d\x7e\xbb\x27\x2f\x87\xff\x7a\x3b\x3c\x7d\xf9\x79"
	"\x32\x66\xfa\x1f\x34\x54\x89\x22\xfe\x5b\x95\x65\xa7\xb4\xdb\xf2"
	"\x46\x5d\x5e\x18\xde\x1f\x9f\x5f\x7e\x8b\x1e\x5e\x8f\x2f\x0f\x9f"
	"\xdf\xd0\x78\xcb\xb2\x7d\xb2\x7c\x7a\x94\x81\xfd\x1f\xf7\xaf\x87"
	"\x5f\x33\xa8\xe3\xf0\xf5\x2a\x7b\x7e\xfe\x71\xf5\x0f\xa8\xfc\x9f"
	"\x57\xbf\x9f\x1a\x7f\xd5\x1a\x37\x2b\x4c\xa6\x13\x87\x24\xf7\x77"
	"\x4c\xa6\xc8\xf3\x86\x50\xca\x13\xa7\x87\xce\x7d\x06\x79\xe4\x21"
	"\xdf\xd7\x7c\x3a\xa3\xf4\x9b\xf5\x98\x92\xbd\xab\x66\x32\x9a\x8d"
	"\x48\xb9\xbe\xd3\x38\xd6\x77\x75\xe9\x51\x38\x52\xb1\x9e\x58\x16"
	"\x4a\x8a\x88\x1e\xee\xbf\x1f\xff\xd0\xe8\x79\x5f\xfa\x72\xbc\xaa"
	"\xef\x8f\x87\xab\xfc\xf9\xe9\xe1\x68\x4f\x61\x12\x4f\xa7\xd4\x71"
	"\x91\xb0\x29\xb5\xb9\x27\x23\x8f\xa4\x84\xc0\xa1\x23\xc6\xe6\xed"
	"\xf1\xe1\xeb\xc3\xf1\xa7\x73\x31\xf3\x60\x42\xf0\xd3\x68\x23\x08"
	"\x56\xb3\x41\x5e\x4f\xc8\x4f\x1b\xc1\x03\xe2\xf8\x6d\x44\x43\x40"
	"\x78\x7a\x4d\x69\x32\x08\x0a\x86\xd3\x9e\xc2\x99\x39\xa2\x63\xf2"
	"\xe3\xe1\xfe\xf5\xed\xe5\xf0\x78\x78\x3a\x5e\xbd\xc1\x4c\x3b\xb6"
	"\xea\x74\xe4\xdb\x8c\x53\x52\x99\x4e\x61\x47\x91\xbb\xa6\x03\x53"
	"\x24\x7b\x9b\xef\xe7\x94\xf0\xbd\xc3\x2d\x39\xf7\x6e\x49\x0d\x87"
	"\x6a\xa1\xdb\xb6\x19\xcf\xe7\x11\xdf\xbf\xdf\xea\x90\x45\x1f\xa3"
	"\x96\x53\x2a\x3d\xcb\x26\x98\xbc\xce\x0d\xab\x22\xbe\xa4\x22\x68"
	"\x48\x20\x95\x72\x6c\xb5\x19\x53\xa9\xd8\x10\x44\xac\x40\x98\x4f"
	"\x82\x31\x65\xc3\x90\x93\xce\x4b\x00\x9a\x10\xea\x18\x80\xe6\xc4"
	"\x3e\x43\xd0\x9c\xd0\xc2\xd7\x55\xc0\x2a\xd8\x85\x6c\x34\x22\x92"
	"\x49\x4a\x39\x08\xbd\xee\xb3\x60\x39\x22\xb4\x15\x13\x89\x08\x65"
	"\x21\x81\x54\x5a\xd9\x8f\x9c\x81\x0c\x4e\xf8\xe7\x54\xf5\x88\x8c"
	"\x0f\x21\x6a\x2a\xb4\x03\x10\x0d\xa0\x36\xc4\x9a\x96\x95\x80\xe5"
	"\x76\x7f\x58\x41\x57\x82\x11\x09\xe6\xe9\x78\x3c\x9d\x51\xf7\x08"
	"\x93\x09\x71\xfb\x23\x42\x3e\x99\x12\x66\x51\x12\x46\x78\xda\xf6"
	"\x73\x8b\x26\xb5\x94\xd7\xaa\x84\x2d\x48\xd8\x74\x36\xa1\x82\x63"
	"\xcd\xc6\x8b\xc0\x6d\x10\xb8\x0b\x8b\x8c\x9c\xbe\x5d\x9c\x67\xf3"
	"\x11\x61\xbf\xb5\xcb\xe6\x63\x87\x39\x77\x7e\xff\xed\xe9\x70\x54"
	"\xd7\x86\xce\xd3\xbb\x25\x33\xf2\x49\x10\x21\xee\x6d\x47\xcb\x25"
	"\x71\xe2\xbb\x9b\xc1\x9c\xad\x0b\x0f\xb1\x3b\xe3\x90\xd7\x5f\x6c"
	"\x3d\xa1\x3c\x27\xf3\x3c\x9c\xcc\x82\xa9\xf7\xc6\x4f\x56\x4e\xf3"
	"\xdf\x7e\x85\x37\x79\x38\x5b\x4c\x3d\xb9\x3d\x2d\x3c\xab\xbb\x6a"
	"\x92\xdf\xbe\x1f\x1f\x7e\x7c\x3f\xfc\x65\x89\x45\xd8\x93\xbc\xd9"
	"\x3b\x98\xcd\x97\xef\x0f\x4f\x83\x45\x31\x44\xa6\x1f\xcf\x47\x60"
	"\x41\x0f\x8e\x0b\x5f\x50\x59\x17\x23\xf2\x92\x62\x36\x5d\x8c\x3d"
	"\xb0\x6b\x52\x58\x1d\x4f\x68\x21\x97\xda\xca\xa2\xca\x9c\x12\x82"
	"\x3d\x88\xd7\xe3\xbd\xc9\x48\xb3\xbc\x5a\x8e\x47\x0e\xf1\xa7\x7a"
	"\x39\xbc\x22\xff\x75\xee\xd5\x55\x35\x9a\x8f\xf2\x35\xb1\xa5\x2a"
	"\xea\xc2\x79\x53\x51\xd3\x55\x65\xe3\xb1\xe7\x82\x56\x81\xc9\x0d"
	"\x5a\x65\xb0\x41\x09\xe9\x9f\xcf\xc8\xcb\x22\x00\x11\xc9\x48\xbb"
	"\x9d\x2b\x03\x19\xbb\xe7\x7b\x46\x49\x79\x9b\x2a\x18\xcd\xdd\xc3"
	"\xf8\x54\x31\x60\x6d\x73\x37\x47\x7f\x42\x4f\x00\xd7\x5c\xf3\xc9"
	"\xd2\xbc\x07\xec\x96\xe7\xf9\xaf\x87\x47\x94\xfd\xd0\xfa\xf7\xeb"
	"\xc3\xab\x72\xef\x70\x54\x90\xa5\x11\xab\x31\x27\x4a\x4c\x39\xcc"
	"\xf1\x3a\xa1\x52\x7d\xef\x97\x33\xea\x42\x19\x3e\x5a\x0c\x2d\xf7"
	"\x0f\x8f\x3f\x50\xe7\x21\x36\x0e\x6c\xfd\x34\x6f\x65\xe0\xe7\x32"
	"\x2c\x9b\x8a\xb0\xc7\xcd\xb3\xfd\x72\x34\xa7\xb8\x45\x5e\x8d\x88"
	"\xa7\x09\x09\xba\x26\xf8\xc0\x1d\x27\x38\x9a\x04\x05\xae\xa0\xa7"
	"\xd5\x6d\xae\xc7\xcb\xcb\x4f\x41\x3b\xce\xcc\x12\x0a\xd1\x06\x29"
	"\x11\xb9\xfb\x7b\xf5\x7e\x9a\xf2\xca\xfe\x4a\x06\x4d\x72\x5a\x68"
	"\xa6\xf5\x0d\x06\x25\x37\x6d\xa1\x8c\xc4\x70\x5d\x01\x4e\x67\x5b"
	"\xd4\x1f\xc6\x76\xf9\x6e\xa2\x67\xf3\xaa\x45\x8a\xd9\xe2\xf0\xc5"
	"\x3b\xac\x1a\xf3\x31\x1f\xb1\x05\xab\x31\x38\x2c\xcb\x32\xe3\xa5"
	"\xad\x62\xe1\x96\x8c\x58\x08\x07\x03\x3e\x81\x1f\xa2\x2e\xb3\x8c"
	"\x78\x6b\x4b\x1c\xb9\x34\xaa\xcd\xdd\x15\x7f\xfb\xfc\x2a\x8d\x25"
	"\xce\x8f\xdb\x5d\x72\x48\x3b\x68\x33\xfc\x54\x16\xc7\xa4\x25\xd0"
	"\xb6\x2c\x98\x0c\x5f\x8d\xb8\x6e\x79\x06\xea\xa8\xf6\xac\x0d\x16"
	"\x45\x2e\x43\x54\x5f\xc6\xc2\xfa\x5c\xcb\x09\x38\x8e\x67\xd9\xbe"
	"\x18\x9d\x11\x7c\x9d\x08\x61\xc9\x2b\xd2\x93\x4f\xda\x18\x00\x02"
	"\x41\xfa\x87\x17\x71\xd5\xe1\x05\x9d\xf0\xe5\xb1\x7f\x54\xaa\xe8"
	"\x30\x0f\x93\x7c\x00\xd6\x6d\x7b\xa4\x73\x0a\x6f\xba\xc2\xf3\x7a"
	"\x3a\xf2\x52\x0c\x1d\x65\x94\x9f\xcb\xd0\xf1\x65\x95\x16\x51\x5c"
	"\xc3\x96\x09\x29\x98\x1e\xea\xc6\xfa\xaa\x77\x77\xfe\xe5\xf3\x03"
	"\xc6\x2e\xfa\xd7\x1f\xff\xe9\xfe\xf1\xdf\x4f\x5f\xd5\xbf\xb4\x18"
	"\x3d\xc3\x16\x9d\xe6\x4e\x1a\xf1\x5b\x15\xbb\x28\xcd\x5d\xa7\x33"
	"\x62\x9a\xa9\x4b\x1f\xbc\x47\x13\x66\x73\x8f\x73\xb2\x70\x7b\x3e"
	"\xe0\x16\x18\xcc\x63\xc2\x53\x97\x9b\x68\x42\x84\x13\x15\xb1\xd3"
	"\x67\xf4\x36\x15\x66\x36\x54\x55\x42\x59\x11\xf0\x38\x94\xf6\x54"
	"\x3f\xf5\x82\x3a\x46\x67\x19\xb3\xcc\xca\xf9\x00\x47\xaa\x4c\x12"
	"\x38\xdc\x1f\x26\xe3\xe9\x3c\x58\x06\x3d\xe0\x36\xec\x01\xa7\x70"
	"\xe0\x49\x9e\xb7\x32\x0c\xa7\xf6\xc5\x64\x36\xef\xae\x99\xef\x1f"
	"\x5f\xdf\x90\xa5\xfd\x7c\xfd\xfd\xf5\x2a\x51\x89\x38\x34\x8b\x1d"
	"\x74\xc3\xb7\x33\xda\x61\x7f\xb6\xf1\x9d\x9e\x6d\xc3\xa8\x4b\x14"
	"\x57\xab\xb7\x87\xef\x5f\xaf\xca\x93\xab\xb2\x26\x1e\x86\x6d\xc2"
	"\xf0\x39\x6d\x18\x32\x5e\xff\x9e\x57\xda\xd7\x96\x73\x17\xa6\x49"
	"\x6d\x42\xd1\x72\x45\x7e\x35\x33\x8a\x75\x49\x09\xaf\x21\xfa\x4f"
	"\x55\xa0\x16\x15\x5b\x62\x19\x2c\x6f\xb1\x53\x11\xae\x4f\xcd\x5a"
	"\xcb\xcf\xec\x04\x1d\xe6\xe3\x38\xc3\x32\x06\xd2\xc9\x56\x19\xb7"
	"\x0d\x80\x18\xb0\xd4\x4c\x00\x72\x86\xb1\x46\x94\xd2\x60\x58\xc5"
	"\x13\x1e\x36\x8a\xb9\xbf\xac\x90\xaa\x5a\xb3\x69\x0e\x55\x63\x1c"
	"\x34\xe8\x78\x18\xfb\xc6\xab\x7a\x11\xef\xe1\x0f\x19\x03\xcc\xd5"
	"\x18\x66\xc5\x8c\x4a\x64\x87\x91\xf0\xc0\x4d\x50\x97\x61\x59\x2b"
	"\xc1\x3d\xcd\x05\xb3\xaa\x80\x41\xb4\x9b\xb2\x44\xd3\x37\x3e\x18"
	"\x0e\xdb\x49\x04\x57\xa6\x27\xb9\xf1\xba\xb0\x69\xda\x16\x91\xf1"
	"\xf0\x87\x59\x60\x42\x69\xb8\x88\x2e\x56\x0e\x60\xa7\xb1\x98\x8d"
	"\x2b\x25\x86\x7c\xd0\xe9\x11\xb2\x94\x07\x11\x7f\x07\xca\x45\x7d"
	"\xa9\x43\x23\x53\xcf\x9b\x68\x6c\x14\xbc\xb3\xd1\xf7\xa2\x42\xc3"
	"\x36\xaa\x85\x08\x82\x90\x98\xec\xe7\x83\x89\xeb\x01\x18\x70\xdc"
	"\x06\x9e\x60\x59\x04\xa2\xfa\xc6\xf0\x15\xb3\x3f\x0f\xeb\x10\x53"
	"\x29\xeb\x21\x8d\x6d\x14\x36\x09\xf6\xae\x75\x02\x72\xd1\xa6\x7c"
	"\x3d\x23\xaf\xce\x5c\x88\xd8\xdf\x0b\x17\x45\x1d\x22\x34\x8b\xfe"
	"\x8f\xef\x47\xde\xc2\xc8\xdf\xff\x41\xf0\x77\x6a\xbf\xb0\x9a\xfa"
	"\xe0\x48\xe4\x24\x93\xa9\xa6\x76\x92\xad\x2b\xe3\x06\x17\x51\x1e"
	"\x54\x0e\x7a\x06\xf5\x02\x68\xa2\xd8\x53\xdb\x23\xa1\x9f\x11\x08"
	"\x90\x32\x25\x92\x3c\xc9\xaf\x1d\xc9\xef\xa5\x24\x14\x92\xee\x9f"
	"\xee\xbf\x99\x09\x26\xb6\x68\x05\x4a\x65\x28\x44\x33\xe1\xb5\xb4"
	"\xbc\xa7\x28\xbb\x96\x1d\xc6\x2c\x75\x10\x83\xa4\x89\xb3\x35\x6b"
	"\xd6\x71\x67\x61\x6c\x30\x26\xb6\x0a\x1d\x5c\x09\x09\xd5\x2a\x74"
	"\xe1\x76\xbe\x8f\xd4\x27\xe7\x8c\x96\x83\x2f\xf3\x52\x88\x92\xe2"
	"\x9f\xf8\xa9\x42\xa0\x38\xe8\xb9\xf2\xab\x6d\x83\x81\xb1\xcf\x35"
	"\x0d\x9a\xda\xbc\x7d\xa6\x7b\xb8\x91\x47\xda\xf9\x4d\x88\x99\xf0"
	"\x7c\x1f\xb6\x9d\x47\x19\xf1\xf5\xd3\x93\x8c\x39\x70\x38\xe2\x5f"
	"\x9e\x91\xaa\x9a\x8a\xc8\x37\x58\x7f\x95\x4e\xec\xd5\xf3\xf3\x11"
	"\x75\x79\xf1\xf0\x78\x40\xb3\x80\x2f\x7f\xfa\x07\x83\xec\x2b\xa4"
	"\x46\xe3\xa8\xec\x00\x3f\x1f\x9f\xbf\x1e\x2e\x0d\x4d\xd6\x8b\xf1"
	"\x7f\xbc\x8b\x89\x4f\xfc\xce\x95\xcc\x1b\xd0\x94\x06\x6c\xb0\xe1"
	"\xb0\x7f\x1b\x9d\x9d\xe3\x2f\x7d\xbb\x9f\x75\x16\x04\x6c\x76\x6e"
	"\x7d\x06\x61\x7d\x14\xf2\x2a\x22\x74\xb2\x4d\x1a\x86\x4d\xd5\x9f"
	"\x43\xe2\x0a\x37\xc6\x41\xc3\x2a\xca\x3a\xe9\xc6\x30\x00\x51\x27"
	"\x32\x5f\xee\x91\x42\x26\xec\x29\xb1\xc9\x28\x86\x3e\x33\x11\x5f"
	"\x6a\x95\x25\xa1\xcc\xfe\x7c\x47\xa3\x74\xde\x5b\xf2\x66\xc1\xd3"
	"\x7d\x9c\x77\x10\x4e\x41\xd8\x90\x42\xa1\x77\xbe\x42\xbc\x70\x40"
	"\xc1\x84\x5c\x79\xf4\x04\x72\x6e\x4a\x00\x98\xc4\x4c\x46\xcb\xc1"
	"\xbd\x64\xa7\x43\x1e\x00\x07\x79\x09\x3c\xa8\x37\xe1\x3b\x11\x79"
	"\xc6\x53\x82\xf8\x5a\x8d\x0b\x07\x77\x4f\xd2\x02\x36\x8e\xcc\x1e"
	"\xa1\x11\xe2\x73\x21\xd6\xa3\xf2\xe0\x0d\xd8\x4d\xa2\x23\x78\x19"
	"\x93\x5e\x9f\x5a\xa2\x77\xa3\x67\x3c\x7d\x37\x2e\x1a\x8b\x79\x64"
	"\x28\xa3\x17\xa6\x0b\x8b\x0b\xa5\x40\xd7\x87\xec\x92\x4c\xa8\x7f"
	"\x31\x09\x56\xa9\xe0\x67\xf7\xaf\xb2\xc8\xfc\x3c\xfd\x66\x25\x02"
	"\xd2\x1a\xb5\xc7\x49\xf8\x74\x64\x5e\x23\x5a\x18\xb1\x98\xed\x9d"
	"\x92\x59\x1c\xce\x89\x58\xdc\xe7\x4f\xaf\x2f\x61\x64\x97\x30\xd6"
	"\xb7\x93\x4b\x08\xcb\xd9\x6c\xb1\x77\x86\x69\xc0\x98\x0c\xc0\x71"
	"\x95\xd8\xe1\xa2\xa5\xab\x2e\x38\x43\xce\x0a\x86\x92\xc6\x50\x6a"
	"\x48\x93\x36\x5c\xf5\x70\x23\x81\x49\x24\xc9\xb3\x14\x03\x06\x35"
	"\x23\xd0\x49\x93\x25\xa0\x2a\xb3\xd4\x93\xff\x45\x7a\x5d\xc6\xfb"
	"\xbb\x82\x50\x79\x65\x1d\x3e\x7a\x74\xba\x28\xc1\xf3\xb9\x61\x59"
	"\xd6\xa6\x86\xd5\xa4\x2c\x3a\x69\x5a\x4e\x42\x86\x18\xa0\x9f\x01"
	"\x8d\xcd\x68\x04\xa9\x77\xe3\x75\x01\x91\x10\xe5\x24\x39\x62\xf8"
	"\x0b\xbc\x72\x4e\xb9\x92\xd5\x0c\x52\xf8\xf9\xfe\x78\xc4\x20\x1a"
	"\x83\xab\xb3\x15\x13\x40\x58\xee\x86\xb7\x14\x16\x40\xa6\x4b\x04"
	"\xc2\x79\x67\x3a\xfa\x49\xae\x85\x91\x4f\x76\x9f\x6e\xa1\x28\x8c"
	"\x2b\xc2\xbf\xa6\xc9\x44\x7a\xc2\x26\xde\x55\xe3\xca\x8f\xd1\xc5"
	"\x83\x49\x1a\x98\x96\xd5\x1d\x3a\x55\xb9\x97\xb7\x8a\x80\x69\x9d"
	"\x06\x80\x09\x7f\x09\x4b\x15\xe0\x4b\x4d\x5d\xf7\x17\xbc\x58\xa7"
	"\x88\xcd\xb8\x8e\xd6\x64\x84\x29\x37\x5c\xad\xaa\x5a\xfa\xff\x48"
	"\xff\x2e\xcc\xd7\xeb\x96\xb0\xf9\x78\x34\x6a\x3f\x56\x85\x63\x82"
	"\xf4\xae\xf4\x82\x38\xac\xb3\x41\x0a\xfa\x05\xa8\x72\x0f\xf3\xe9"
	"\x90\xfa\x8e\x82\x40\x44\xfb\x96\xda\xc8\x3e\xdd\xa5\xe3\xb1\x2d"
	"\x97\x31\x4b\x58\xc5\xc2\x54\xdc\xe1\x95\x3c\xb1\x42\x6d\x59\x56"
	"\x9c\x94\x28\xaa\xd2\x19\xcb\x07\x1a\x09\xd1\xdd\xaa\x9f\x03\x43"
	"\xc0\x62\x70\x50\x51\x21\x8c\x59\x8d\xae\x51\xed\x6d\x4d\x6c\x1f"
	"\x10\x97\x3d\x13\x74\x2b\xaf\x50\x65\x53\x8e\x3d\x66\xad\xb3\xcc"
	"\x05\x0d\xf5\x85\xcc\xcc\x04\xeb\x82\xcb\xcc\xb8\x50\xe7\x8a\x60"
	"\x89\xce\x6f\x56\xc1\xca\x8b\x0c\x64\xc1\x73\x0c\xb4\x0d\x49\x6e"
	"\x29\x99\xab\x4d\x2d\xec\x60\x4b\xdd\x6c\x5a\x96\xad\xcb\x3a\x15"
	"\x9b\xdc\x33\x0b\x2e\xda\xaa\x2e\xc7\x4e\xc7\x3e\x6a\x6a\xfc\x0b"
	"\x28\x98\x9b\x84\x49\x97\x57\x95\xcc\x29\x6b\x7d\x04\x02\x93\x56"
	"\xa2\x46\x8d\x07\x12\x4f\x14\x9c\xc5\x70\x03\x4d\x10\x8b\x89\x12"
	"\x2e\x36\xcc\x03\xc6\x33\xca\x3a\x13\xa3\x7f\x76\x63\x21\x8c\x55"
	"\xa2\xd5\x79\x28\x1d\x15\x20\xe2\x13\xaa\x73\xde\x65\xec\x2a\x64"
	"\x57\x37\x56\x3e\x85\x93\x2b\xa8\x12\xaf\x37\xbb\x36\x14\xb5\xf1"
	"\xda\xd4\x83\x30\x3b\x27\x88\xb0\x75\xbc\x4e\xb9\x3b\xe3\x57\xe4"
	"\x54\xbb\x37\xc6\x0d\x11\xaa\x3f\x40\x13\xba\xca\xb2\xb4\x68\xf6"
	"\x78\x3d\xd0\xce\xda\xa9\xe9\x7c\x8f\x57\x19\x25\x65\x97\x20\x6b"
	"\x61\x45\xdc\x67\x5b\xa6\xb1\xe8\xd4\x9b\x27\x1e\xc4\xb1\x1f\xeb"
	"\x8d\xf0\x53\x3b\x59\x9b\xe2\xab\x83\x8e\x26\x69\x9d\xdf\x32\x38"
	"\xc9\x51\x79\x5b\x64\x25\x8b\xa8\xef\x31\x8e\x87\x60\xa2\xe1\xe8"
	"\x04\x3f\xa8\x86\x9b\xa9\x29\x8c\x86\xcf\x17\x13\xdb\xc3\xcb\xd3"
	"\xe1\x3b\x6f\xce\xec\x70\xcb\xb5\x57\x24\xf8\xd1\x27\x91\x6e\x59"
	"\xb4\xaa\xd5\xab\x82\x16\xd6\xaa\x21\x33\x25\x6c\xab\xdc\x6e\xe4"
	"\xea\xd7\x2b\xde\x80\xfa\x63\x34\xd6\xca\x22\xb3\x49\x59\x84\x7f"
	"\xc2\xba\x88\x0d\x05\xcb\xcb\x46\x97\xf7\x4d\xe0\xd6\xbc\x29\xd6"
	"\x80\x55\x59\x26\x6d\x53\xb0\x3c\x76\x81\x3b\x0e\x6b\x5c\xab\x9f"
	"\xa1\x9b\x34\x8a\xf5\xba\xee\xf2\x55\x99\x71\xba\x19\x58\x18\xd8"
	"\x95\x71\x0b\xc4\x5b\xaa\xe9\x56\x6c\x93\x33\x7a\x59\x01\xe3\xa8"
	"\x41\xdb\x04\xea\x48\x8e\x29\x97\x6e\xdd\xef\x9d\x52\x10\x9e\xf0"
	"\x13\xf9\x7e\x4c\xcd\x94\x7c\x26\x60\x51\xd4\x4d\x59\x73\xca\x42"
	"\xf2\xbe\x2f\xf0\x75\xee\x84\x6a\xec\x8a\x73\xa7\x91\x4e\x64\xec"
	"\x2e\x71\x85\x58\x39\x63\x82\xea\xdc\x36\x97\x1b\x3d\xa3\x21\x23"
	"\x31\xdb\xa7\xe6\xe5\xff\xb5\x3c\x79\x78\x79\xfc\xcf\xfd\xcb\x61"
	"\xe8\xb6\x2d\x5f\x60\x79\x98\xb6\xc9\xed\xc0\x33\x17\x8b\xe5\xc5"
	"\x34\x21\x07\xcb\xb0\x0a\x61\x95\xe2\xc3\x94\x28\x43\x82\x04\x9f"
	"\x08\x43\x1e\xe7\x39\x73\x09\x69\x32\xac\x9a\x8a\xd1\x10\x86\x86"
	"\x2c\xbe\x2e\xcb\x35\x0a\x8e\x5d\x15\x44\xa4\x62\x2e\xdd\x9e\x1d"
	"\xc6\x1e\xdf\x5e\xee\xaf\x7e\xef\x87\x6e\x19\xca\x3f\x60\x6c\x46"
	"\xf9\xcc\xaf\x3b\xea\xcb\x94\x74\x18\xca\x25\xea\x32\xc0\xe8\xbd"
	"\x89\xf7\x22\x68\x89\x6b\x10\x80\x4d\x5a\xe7\x6e\x01\xc8\xd4\x48"
	"\xef\x29\x0b\x50\xa8\xc2\xbd\x80\x75\x5a\x20\xd8\x39\x98\x20\x72"
	"\x0f\x3d\xc8\x86\x20\xa9\xf2\x83\x28\x67\x41\xe2\x42\xa6\x25\x4c"
	"\xf5\x30\x3e\xfd\x27\x06\x4c\xef\xf1\x94\x24\x83\x1f\x57\x51\xa0"
	"\x23\xe3\x6f\x12\x19\x93\xa1\xae\xfa\x64\x7e\x9a\x0d\x46\xca\xf1"
	"\x65\x9d\x9a\xb1\x8f\x34\x68\x4f\x83\xd6\x09\x27\xd7\xa0\x0c\x3d"
	"\xc0\x95\xf0\xf4\xa5\x48\xb3\xe1\xa7\xfd\xe8\x02\xf9\x9d\x76\x43"
	"\x83\x05\x48\xa7\x87\xa5\xf0\xdf\x1e\xe4\x96\x7a\x58\xec\x58\xd1"
	"\x1e\x34\x5c\xd1\xae\x85\x3a\x0d\x41\x9e\x6a\x60\x60\xc5\xf0\x2b"
	"\xf7\xa2\x2a\xa8\xa4\x85\x69\xf1\x11\x88\x72\x6a\xbe\x1e\x18\x0d"
	"\xc4\x7d\x9e\x4a\x20\xe3\x20\xb1\x00\x2a\xb7\x5f\x83\xfb\xd6\x30"
	"\x69\x29\x5a\x9b\xa5\xae\xae\x64\x9f\x4a\x57\xe1\x74\x58\xf8\x89"
	"\x8b\xc8\x8c\xb3\x8e\x66\x0e\xee\x2d\xe5\x3c\x03\x28\x85\x25\xd6"
	"\xa1\x54\x65\xa7\xa1\x38\xd7\x30\x95\xcc\x31\xdc\xa6\xba\xa6\x8c"
	"\xf1\x37\x98\x94\xb3\xdd\x70\x7b\x96\x5d\xc5\x28\x8f\x73\x0a\x96"
	"\x16\x92\x8d\xca\xdf\x3a\x8e\x2c\x68\x79\x54\x19\x1f\xe2\x0b\x91"
	"\xb8\xb3\xa6\x47\x15\xfa\x8e\x5e\x87\xb1\x6a\x52\xd0\xd4\x81\x10"
	"\xa6\xeb\x42\x4a\x3e\x46\xaf\x94\x88\xa8\x05\x91\xb5\x0b\x52\x55"
	"\x20\x23\x84\x18\x5d\x60\x43\xe9\xb2\x57\x46\x9a\x52\x68\x81\x7a"
	"\xe4\x4f\x4c\xf5\x2d\xe3\xd0\xc8\x8c\xb8\xa0\xc6\x68\xd2\x4a\x77"
	"\x51\x28\xd1\x80\x9a\x17\x56\x8c\x71\x05\xa0\x06\xaa\xa0\xa2\x8e"
	"\x4d\x7d\x28\xc9\x45\xbb\x1b\xbb\xf0\x25\x24\xb0\xba\x17\x8a\xcc"
	"\x0c\x16\x2f\xca\x84\x4f\x89\x73\x2f\x49\xb4\xb1\xd7\x42\x28\xa2"
	"\x30\x89\xdc\xb6\x9d\x1c\x61\x55\x74\x2e\x3d\x49\x4f\xa0\xe0\xba"
	"\xb9\xac\x86\x8b\x56\x45\x7b\xe7\x5d\x16\x68\xe1\x68\x33\x01\x7a"
	"\x93\x6c\xa8\x8b\xab\xfd\xe5\x8f\xc3\xab\x69\xd3\x23\xa9\xf4\xd0"
	"\x69\x32\xfa\xb5\x2e\xf3\xdf\xa2\x5d\x24\xf9\xe2\x80\x2d\xa6\xbc"
	"\x5c\xce\xe7\x23\x83\xde\x7d\x2c\xb3\x54\xcf\x27\xfd\x09\x90\xcc"
	"\x41\x36\x51\x62\xcd\xac\xb2\xf9\x2d\xf9\x6f\x09\x13\xbf\x15\xc2"
	"\xdd\x58\x62\x11\xd6\x9c\xc3\x17\x46\xc9\xce\x46\xc1\xdf\xbd\x08"
	"\x18\x82\xc6\x8a\x81\xed\x3f\x4c\x27\xd7\x2e\x78\x5a\xa2\xe2\x88"
	"\xf6\x40\xbf\x3c\xbc\x3e\x2f\x16\xb3\xe5\xaf\xe3\x5f\xf4\xfd\x7e"
	"\x46\x6d\x44\xe2\xba\xfb\x45\x14\x62\xb5\x11\x74\xca\x86\x7d\xca"
	"\x40\x6c\x77\x57\x95\x80\x62\xcd\xee\xf0\x89\x26\xc6\x6d\x9f\xd6"
	"\xe6\xd1\x57\x38\x7d\x33\x00\x96\xe9\x0e\x5c\xaa\x51\x74\x69\xf4"
	"\x26\x86\x36\xfe\xb7\xe3\xef\x8b\x5f\xec\x26\xa5\xc0\xd7\xd6\x20"
	"\xb8\x02\x1f\x23\xdb\x63\xa0\x2d\x16\xd8\x79\x6c\xac\xbd\xad\x55"
	"\x3a\x6b\xab\xaa\x3e\x91\xc7\xde\x5b\x15\x31\x95\x7d\xaf\xad\xa4"
	"\xb3\x5d\xf1\x0a\xc3\x80\xc1\x69\xa6\x27\x64\x85\x3b\x87\xf8\x14"
	"\xea\x74\xb2\xc5\xae\x43\xc0\xda\x53\xcc\x6c\x3b\x58\x32\x7b\x69"
	"\x0b\x61\x89\x06\xb2\x60\xd0\x67\x59\x5a\xdf\x0e\x4d\x24\x5f\x0f"
	"\x6f\x5f\x9f\x41\x42\x75\x9c\x02\x0c\x1f\x66\x11\x0d\x59\xb4\xb5"
	"\x4d\x73\x74\x20\xe6\xb8\x14\x99\x4e\x71\x4b\xb4\xa0\xc3\x47\xfd"
	"\xb2\x48\x8d\x2b\x09\x09\x62\xbb\xd0\x2a\x09\x37\x69\x16\xd5\x71"
	"\x61\x15\x27\xdc\x4c\xd8\x2d\x1b\x13\xc3\xb2\x68\x58\xd4\xe8\x16"
	"\x99\xa0\x49\x14\xc6\x49\x30\xb3\x0c\x8a\xbc\x32\x87\x2c\x0b\xce"
	"\x92\x00\x65\x55\xdd\x8b\x5d\xee\xcb\xf8\x66\x0d\x3c\x69\x45\x48"
	"\x7e\x1d\xb4\x25\x72\x61\xc8\xd7\x06\xd4\x48\xd7\xe9\x9a\x15\x22"
	"\x55\xd3\xa9\x47\xca\xec\xb3\xc0\xeb\x14\x2b\xe5\x2a\x31\x09\x86"
	"\x54\x8c\x73\x93\xf2\xd7\x98\xc4\x98\x96\x44\x59\xe4\x81\x25\x34"
	"\x2c\x56\x32\x85\x93\x93\x71\x50\x6b\x40\xa1\x31\xa7\x76\x43\xd7"
	"\x05\xa0\x2a\x6b\x48\xf0\xca\xd3\xfd\x95\xa7\x87\x34\x28\xac\x59"
	"\x4e\x80\xf8\x4d\xc3\xf8\x86\x00\xee\x3c\x8a\x42\x9e\x16\xb0\x69"
	"\x28\x4d\x21\xf7\x8c\xbe\xa2\x61\x37\xc5\x7e\xea\x85\xce\x69\x68"
	"\xed\x68\xb4\x3f\x28\xf2\x0e\x5c\x3b\x38\xea\x4e\xfc\x53\x96\xae"
	"\x4e\x92\xb7\x41\x09\x14\x1c\xe4\xee\x13\xd8\x7d\xfb\xd9\xe3\x4d"
	"\x9d\x78\x26\x16\xfc\xe2\x65\x36\xec\x45\x65\xd8\x71\x76\x85\xca"
	"\xf0\xf3\xbc\x4a\x77\x7c\x47\x8d\xbb\xa1\x46\x1d\xd7\x65\x7f\x70"
	"\xce\x9b\xa4\x2b\x23\xe5\xc0\x13\x82\xa5\x67\x9d\xca\x5d\x6a\x43"
	"\x0f\x73\xe8\xce\x3d\xe8\x93\xee\xd1\x70\x2a\x0d\xe1\x18\x08\x99"
	"\x27\x16\x68\xa8\xbc\x41\xff\x30\xd6\xe8\x7a\x2c\x30\xe8\xab\x7e"
	"\xd4\x5d\xb9\xd0\xf5\x9b\x36\xf8\xd1\x73\x62\x43\xfe\xd0\xc0\x3d"
	"\x0b\x6f\x81\x85\x1b\x5c\x44\x87\x5d\x13\x9e\x41\x26\x12\xe1\x95"
	"\x67\x20\x2d\x08\xff\x58\x0b\x29\x78\x0f\xd2\xbb\x9a\x7b\x47\xc7"
	"\xa9\x7c\xdf\x16\xd2\xf8\x3d\x48\xef\xe9\x38\xe1\xb8\x69\x21\x4d"
	"\xdf\x83\xf4\x9e\x29\x20\xe2\x43\x59\x48\xcb\xcb\x48\x4b\x33\x9e"
	"\x81\x13\x65\x36\x22\x37\xd1\x72\xf2\x8e\xc9\x59\x4e\xdf\xd1\x91"
	"\xc5\x35\x3d\x39\xa0\x17\xe0\x2e\x6f\x17\x97\xab\x19\x07\xef\xd9"
	"\x8c\x80\x35\x26\x86\xcd\x78\x98\xa6\xe6\x69\xeb\x9b\x1f\xdb\xd3"
	"\xd0\x03\x82\x8b\x3d\x9f\x5c\xc4\xb8\x3c\xfa\xd9\x45\x8c\xf9\x45"
	"\x8c\xeb\x8b\x18\xcb\x8b\x18\xe3\xcb\x83\x19\x5f\x1e\xcd\x98\x1e"
	"\xce\xb6\x4c\x17\x6d\xed\x07\x37\x24\x38\x67\x21\x32\x4a\x56\x78"
	"\x31\xc2\x38\x13\x84\x5d\xdb\x19\xa5\x10\x71\x53\x97\x7e\xa4\xba"
	"\x04\x51\xff\x52\x63\x77\x75\x9a\x65\x17\x9a\x5b\xb3\xf8\x22\x4a"
	"\x1d\xc7\x5b\x2f\x46\x0a\xe3\x62\x45\xe4\xc7\x29\x9a\x54\x5c\x9e"
	"\xbe\x4b\x83\x12\x4d\xbd\xb5\xf2\xa3\x68\x18\xa8\xf8\x1a\x81\x69"
	"\x33\xd7\x6b\x73\x53\xa4\xa1\xf5\x3e\xdd\x15\x75\xf6\x5b\xe9\x27"
	"\x79\xa9\xe8\x8b\xf8\x2c\xaf\xfe\xb7\xbb\x7c\xe8\x55\xa8\x43\x92"
	"\xc8\x5d\x0e\x63\x6d\x84\x71\x65\x77\x82\x4a\x4d\x4d\xff\x0e\x0b"
	"\xcd\xe8\xef\x27\xdc\x9c\xa7\x8e\xd2\xb0\x6a\xda\x1a\x16\x64\xaf"
	"\xee\xb2\xf0\x49\xd4\xac\x0d\x73\x06\x3a\xbe\x53\x61\xe1\x41\xa5"
	"\x48\x40\x78\xd8\x74\x7e\x8b\xda\x67\xbd\x2f\xa1\x54\xf9\xd1\x0d"
	"\xa4\x8e\x59\x24\x9f\x50\xcc\x37\x34\xec\x02\x08\x6d\xfa\x73\x60"
	"\xa7\x50\x77\xf3\x6a\xe0\x9a\x1f\xe2\x63\xca\xa6\xe4\x62\x58\x6a"
	"\x39\xd6\xed\x10\xab\xa5\x52\x18\x29\x28\x9c\x12\x8e\xd7\x9a\x11"
	"\x6c\x2a\xb4\x26\x62\xe1\xd0\x85\x49\x3d\x3c\x5d\xfd\x71\xff\xe5"
	"\xcf\x87\xa7\x6f\xfd\x23\xcb\x8f\x97\x87\xa7\xe3\x9f\xca\x05\xf8"
	"\xf1\xf0\xfa\x6d\x98\xc3\x51\xde\x09\xaa\x08\xf4\x86\x52\x85\x92"
	"\x28\xbe\x66\x66\xb0\x8e\xd9\x49\x62\xba\x3e\x87\xc4\xe3\x5c\x8a"
	"\x64\x36\xc6\x54\x53\x45\xca\x52\xf4\xf5\xcb\xbb\x16\xd7\x6b\xfd"
	"\x5d\xc1\x30\xf4\x74\xaf\xb2\xf7\x99\x7b\x7e\x80\x4a\xfe\xeb\x11"
	"\x8d\x9a\xbf\xa0\x51\xf3\xab\x1c\xc2\x17\x55\xfe\x32\x1c\x45\xef"
	"\x52\x24\x3d\xa5\xb4\x70\xca\x7d\x29\x5e\xf2\x35\x61\x1c\x11\x51"
	"\x97\x4f\x68\xa0\x76\x11\x87\x5b\x43\x8a\x6e\x59\x9d\xb8\x49\xf4"
	"\x3a\x5a\xb5\x3c\xac\xd3\x4a\x38\xe5\x6d\xf5\x46\x8c\x57\xaf\x50"
	"\x5f\x85\x06\x2d\x22\xd6\x4e\x48\x07\xcf\x1b\x2e\x6c\x7f\x94\x04"
	"\xe4\x7d\xf5\xe5\x87\xc9\x7c\x34\xd2\x8d\x77\xa0\x35\x60\xbb\xe8"
	"\x7b\x9c\x53\xbe\xb8\x2c\x52\xf1\xdf\xb9\xdb\x2e\xb8\x29\x1a\x1e"
	"\x47\xfd\xab\x34\x11\xf4\x03\x16\xbb\xbc\x2d\x88\x87\x48\x35\x3b"
	"\x94\x3e\x07\xed\xc7\xe8\xd3\x84\x43\x72\xed\x01\xe5\xcc\xa5\xde"
	"\x4a\x50\x77\xcf\x99\x72\x65\x3c\x1b\xf3\x1a\x10\x35\x81\x68\x5f"
	"\xaa\xbb\xad\xca\x72\x7c\xdf\x95\x33\x55\x95\x92\x66\x70\x7b\x06"
	"\xbb\xf2\xe1\x2e\x49\x4a\x20\x30\xed\x6d\xcc\xb6\xe8\x07\x8d\xb4"
	"\xc7\x99\x0a\x01\x5f\xc5\x41\xd3\xa8\x6f\xf4\x47\x8c\x53\xe1\xe9"
	"\x8e\x4f\xad\xe4\x87\xd1\x5f\x63\x17\x16\x07\xf2\xc3\xb2\x41\x42"
	"\xb9\xb8\x2e\xe2\xac\x3f\x03\xf9\xe1\xf1\xf9\xe5\xe7\x55\x74\xf8"
	"\xfc\xf6\xed\x9b\x3a\xd1\xe6\x62\xc4\x7b\x11\x17\x3c\x25\x7c\x53"
	"\x54\x95\x88\x88\x09\x4f\x43\x7a\x4d\x61\x42\x78\x59\x50\x06\x53"
	"\xe7\x6a\x60\x17\x25\x1e\x94\xba\x44\x63\x41\xda\x70\x4e\x61\x95"
	"\x2b\x7c\x11\x23\xee\x19\xb2\xde\x50\xa6\x25\xc6\x24\x31\xf0\x6e"
	"\x90\x53\x7c\xac\x9b\xc8\x3c\xce\x33\x58\xc8\xe1\x22\xf7\x10\x4f"
	"\x17\xa1\xfe\x10\x3d\xb8\xad\xdb\x28\x0b\x6b\x97\xfb\xae\xaa\x3a"
	"\x1c\xc5\x2b\x86\xbd\xe8\x00\x9e\xea\x55\xa0\x6e\xe9\x22\xe9\x5b"
	"\x16\xb5\x4f\xd1\xbc\x83\xd3\x8f\xfa\x68\x03\xc8\x38\x2b\x2c\x46"
	"\x79\x06\xc8\x60\xd6\x4c\x7f\x43\x0b\x43\x39\x0c\x05\xed\xb8\x25"
	"\x01\x3d\x7f\x7b\x36\xe3\x40\x80\xcb\x68\x43\x7d\x80\xf3\x7b\x76"
	"\x11\x3e\xcd\xd9\x36\x2c\x77\x83\x36\xe0\x03\x28\x6e\xa5\x33\x69"
	"\x5b\x19\x86\x09\x88\xef\x5b\xc6\x0d\x48\x27\xc3\x97\x0f\x3c\x4d"
	"\x57\x18\x37\xef\xed\x87\x62\x29\x9b\xfb\xa7\x6f\x56\x0a\x85\x44"
	"\xe0\x3b\x64\x53\xf9\xc3\xef\x2a\x60\xbb\x41\x6b\x50\xc1\xb8\x7b"
	"\x4b\xdd\xde\x00\x4d\x02\x8a\x15\x95\xae\x9b\x14\xe9\xf7\xda\x96"
	"\xca\xf0\x53\x0f\xc8\xa0\x15\xb7\x3b\x96\x35\xf1\x39\x82\x83\x02"
	"\x22\xb7\x06\xc1\xeb\x5c\xcc\x81\xb6\x0e\xd2\x4e\xaa\x42\xcb\x7d"
	"\x18\xcb\xe4\x19\x32\x6e\x8f\x24\xa6\xda\xfa\x20\x66\x0c\x29\xb5"
	"\x35\xbb\xd8\xfe\x36\x8e\xab\x0b\x64\x03\xe4\xed\xbc\x1a\xa6\x93"
	"\xc6\xf9\x3f\x13\xb6\xab\x7f\xbc\xfe\x78\x78\xc2\x78\x88\xaf\xff"
	"\xba\x7a\x7c\x3b\x1e\xfe\x3a\xc0\x3f\x0e\xc7\x2f\xff\xfe\xf7\xbf"
	"\xff\x69\x44\xd3\x51\x84\x46\x00\x7f\x14\xf1\x3e\xe6\xbe\xd5\x77"
	"\x64\x32\xb2\x8f\xd8\xc5\x4a\x6e\x6f\x15\x12\xd0\x9d\xf2\x16\xed"
	"\xc9\x3c\xb8\xf2\xe5\xdb\x43\x69\xeb\x72\x77\x7a\xde\x76\xc7\x21"
	"\xc0\x0a\x70\x5d\x3c\x8d\x30\x51\xa2\xa8\xc4\x33\x98\xf9\x0b\x7d"
	"\x41\xab\x4c\x56\xa5\x27\xc1\x9f\xd3\x8d\xc2\x06\x97\x66\x7a\x24"
	"\xe9\x3e\xcf\x03\xad\x45\xc8\xad\x23\x8f\xa9\xbe\xad\x24\x9f\x46"
	"\x4b\xfc\xa6\xe0\x71\x1c\xc1\x16\xab\x41\xbb\x2a\x73\x4f\xe7\xb7"
	"\x8a\x45\xf8\x09\x3c\xfc\xbf\x8b\xeb\x55\xc9\x63\x9b\x87\xd2\x90"
	"\x2c\x35\xed\x91\xbb\x2d\x9a\x4a\x80\x6f\x2b\xf9\x76\x78\x6f\xe6"
	"\xeb\xdb\x46\x21\x88\x9e\xa0\x09\x01\xc3\x1f\xbe\xc4\xd6\x61\x43"
	"\x70\x78\xb9\x61\x10\xec\x7c\x70\xb9\xb4\x64\xf0\xa1\xcc\x5f\xe2"
	"\xc7\xa0\xaa\xd1\x50\x90\xbd\xc0\xda\xc2\x12\xf6\x24\x67\x3e\xb2"
	"\x2a\xa9\xa9\x64\x26\x08\x8d\x6f\xb8\xc7\xf8\xb5\x3b\x67\x37\x9d"
	"\xf0\x55\x0f\xc4\x2e\x0b\x53\x19\x98\x80\xe0\x83\x31\x41\x88\x9c"
	"\xae\xd0\xe1\x4d\x29\xaa\x4c\xb1\x72\x11\x7b\x8d\x93\xfb\xf5\xc3"
	"\xf4\x5e\x65\xed\x37\xd8\x31\x4d\x7a\x4c\x0b\x8d\x34\xe3\x19\x73"
	"\x9b\xa5\x23\x50\x09\x50\x34\x79\x90\x38\x39\xdb\xa2\x90\x75\xd3"
	"\x50\x4b\x26\xb1\x30\x7b\x85\x5a\x09\x1a\x27\xc1\xd3\xea\x3e\xf0"
	"\x30\x21\x45\x78\x27\x4a\x97\x11\x60\x51\x56\x6a\x35\x6b\x4b\x54"
	"\x48\x9a\x42\x09\xe0\x7e\xe8\xba\x66\xd5\xc6\x8d\xd3\x6b\x79\x49"
	"\x4f\x22\x8c\x0a\x14\x7b\xcf\x43\x69\x9e\x09\x4a\x51\x59\xdb\xb7"
	"\x0d\xf8\xac\x2a\x37\x21\x62\x4a\x11\x9e\xdb\x39\x61\xbb\x0f\x55"
	"\x2d\xda\x83\xa6\xec\x8e\x0c\x84\x64\xb5\xad\x5a\x0d\x71\x4b\x9d"
	"\x0b\xa5\x49\xfe\x29\x1d\x49\xaf\x96\x49\x03\x76\xc4\x37\x6e\x3a"
	"\x70\x63\xe1\x5e\xec\xe2\xac\xd8\x03\x1f\xe0\x77\x05\x5a\x7e\x9e"
	"\x7e\xd1\x06\x84\xd3\x9a\x71\xca\xb0\x1e\xb9\x2b\x5e\xc2\xc8\x0e"
	"\x12\xc1\x6b\xeb\x1b\x90\x68\x92\x77\x54\xe4\x43\x51\xf2\x81\x07"
	"\x61\x73\x0b\x5b\xcb\x81\x60\x2a\xb6\xbd\x76\xa4\xf0\x0c\x09\xa4"
	"\xdb\x04\xdd\x42\xbb\xc4\xd9\x6e\x25\x79\x01\xd2\xee\xc6\x34\x27"
	"\xb7\x40\x27\xc1\x98\xdf\x3a\xad\x5d\x57\xc0\x85\x60\xc1\x80\xc6"
	"\x4a\xab\xb3\xa2\x34\x13\xd6\xf6\xe5\xac\x00\xf2\x20\x7d\x78\xd5"
	"\x07\x84\xb0\x70\x42\x47\xd7\x2a\x1f\xa2\x12\xaf\x3c\x93\xb8\xca"
	"\xf0\x9e\x64\x27\xcf\x38\x11\x3e\x65\x2b\x93\x2a\x76\x0b\x7e\xde"
	"\x41\x8d\xbb\x78\x55\x25\x83\x32\x0b\xd3\x9c\x43\x79\xb4\xda\x15"
	"\xd0\x88\x4d\xce\x6a\xb7\xf8\xa4\x1d\x91\xbf\x81\x09\x83\x07\x66"
	"\x53\xd1\x0c\x49\xad\x7f\x0c\xe2\x2e\xea\x33\xf2\x45\x8f\xd8\x04"
	"\x58\xab\xea\xbf\x8c\x6d\x64\x25\x1f\xd3\x76\x2a\xb7\x73\x23\x75"
	"\x9b\xcc\x54\xd2\xc9\xa4\x56\x4a\x1f\x6f\x71\x78\xd4\xad\x47\xce"
	"\xa4\x94\x35\xe0\x70\x8a\xb9\xbf\x3d\xc9\x0b\x2c\x71\x78\x3d\x5a"
	"\xec\x1d\x67\x41\x0a\x1e\xa0\x6e\xd4\xc4\x7c\xc4\x3e\xa8\xda\x07"
	"\x52\x41\x42\xd3\x43\x3a\x17\x62\x2f\x96\x29\x17\x2e\x5a\x1c\x58"
	"\xa1\x61\x9f\x27\x0d\x3c\x5e\x9a\xe0\xda\xf8\xd1\x54\x04\x39\x1a"
	"\xae\x24\xd8\xf9\xd4\x1f\x93\x4b\x0e\x7d\x13\xef\x23\xca\x2d\x50"
	"\xcd\x8d\x90\xfb\x6b\x13\x67\x15\x25\x80\x49\xbc\x2d\x20\x0a\x22"
	"\x97\xa4\x44\x90\x37\x94\x09\x0d\x5f\xa5\x22\x67\x9e\x8e\x34\x4d"
	"\x1a\xd1\xd0\xfa\x7f\x1b\xbb\xbe\xad\xb6\x79\x18\xfe\x2a\x3d\xbc"
	"\xc0\x68\x69\x19\x5c\x70\x91\x3f\x2e\xf5\x48\x9a\x2c\x4e\xa0\xe5"
	"\x26\xa7\x63\xdd\xe8\x39\x1b\xdd\x29\xe5\x6c\xfb\x9e\xfe\xb3\xec"
	"\x38\xb5\x63\xc9\xec\x8a\x83\xa4\xda\x8e\xe3\xc8\xb2\x2c\xfd\x24"
	"\xcf\xb1\x8b\x9a\x5c\x68\xfa\x59\x23\xa2\x50\xba\x5e\x27\x77\x79"
	"\xa0\x73\x01\xba\xae\x28\xd7\x81\xf1\x97\x81\x87\x0b\x06\xf6\xeb"
	"\x79\x56\x21\x4d\x81\x11\x78\xae\xdd\xe1\x7b\x8a\x20\x6a\xe7\x8e"
	"\xad\x43\x2f\x29\x2f\x02\x73\x98\xb3\x9c\x74\x85\x98\x3e\xe0\xcc"
	"\x43\x88\xc8\x9f\xd3\x1f\x88\x72\x37\xa9\x4c\x57\x40\x0d\xa9\x9a"
	"\xb2\xa6\x5c\x6a\x22\x82\xba\x81\xef\x78\x5a\x6e\x53\x07\xfa\x0f"
	"\xfe\x0f\x79\x8a\x9a\x58\xf9\x44\xe0\x2b\xe6\x8f\x6c\x08\xb1\xa8"
	"\xb8\x61\x47\x13\xa0\xd2\xb5\x5c\x28\xe3\xf2\x81\xa5\x83\x0c\x12"
	"\xf9\xa5\x95\xb5\x4a\x83\x26\xf1\xa4\x1c\x29\xa5\xc8\x08\x2f\x6e"
	"\xc9\xc1\x97\x60\xac\x1e\x9e\x56\x81\xe6\xf4\x31\x0f\x9e\x48\x59"
	"\x48\x1a\xfe\x2d\x74\x04\x58\x85\x8e\xbd\x10\xe9\xd8\x39\x18\x43"
	"\x7d\xb2\x0c\x4a\x45\x52\x2f\x1a\x26\x40\x40\x82\x9d\x8f\x79\xb1"
	"\x7d\x7a\x3b\x00\x50\xaa\x77\xab\x00\x6b\xd6\x0e\x9d\x5b\x8b\xd3"
	"\x85\x90\xad\xf3\x04\xe4\x22\xca\x8d\x53\x4a\x80\x4e\x22\x02\xb3"
	"\xba\x26\x88\xc4\x54\x15\x3d\x26\xb7\x2e\x52\x04\x12\xd9\xd3\x85"
	"\x95\x29\x40\x21\x64\x34\x3a\x5e\x3d\x67\x42\xc1\x70\xaa\x24\x06"
	"\x1c\x22\x43\x4b\xaa\x83\x62\xb7\xa1\x1a\x79\xc7\xf9\xde\x0c\xa3"
	"\xe2\xfb\x9f\x42\xd8\xa9\xb2\xec\x00\x48\x2d\x3c\x20\x3c\x2e\xce"
	"\x34\xd4\x05\xf2\xa0\x9d\x98\x20\x9f\xd5\xbc\xca\xc3\xcf\x3c\x74"
	"\xd2\x98\x53\x8f\x80\x8b\x47\x69\x54\x48\x2d\x02\xd9\x60\xd5\xcd"
	"\xf4\xfc\xfa\xd2\xf9\x78\x17\x51\x25\x0f\xe9\x72\xfa\x41\x9f\x82"
	"\x3a\xd5\xa7\x35\x37\x89\xd4\x13\x72\x41\x0b\x86\x2d\xc0\xa1\x4f"
	"\x94\xc4\x35\xb0\x3c\xf1\xaa\x68\x7f\x51\x34\x15\x0e\x94\xa7\xd5"
	"\x26\xb4\x06\x29\xc0\x7a\x9b\xb3\x5e\x0b\xc6\xd6\x59\x8f\x67\x1f"
	"\x74\x2c\x6b\xbb\xfd\x73\xfc\xf0\x65\xf7\xf2\x61\xb3\xdd\xb6\x4f"
	"\xfb\xc3\xb6\xfd\xb6\x3f\xfc\xde\x1c\x14\x60\xe6\x70\xea\xe4\x86"
	"\x0c\x59\xb0\xfe\x7b\x37\x1c\x75\x9b\xe7\xe3\x0d\x12\x32\xbd\xdb"
	"\xd2\x7f\x49\x46\x16\x81\xa0\x21\x45\x99\x2a\x88\x16\xe8\x18\xf0"
	"\xfa\x8c\x57\x93\x92\x51\x4e\x4d\x79\xc0\x86\x8b\xde\x6e\x7c\xe7"
	"\xa4\xb0\xe0\xa9\x5c\xd9\x6a\x67\x06\x03\x40\xdc\x5c\x63\x8f\x92"
	"\x53\x05\x47\x7b\x11\x69\xf0\x14\xeb\x22\x2c\x13\x95\x72\xce\x72"
	"\xc2\xcf\xdc\x4b\x41\x46\x6f\x49\x65\x75\x1b\xa1\x75\x94\x47\xa4"
	"\x01\x77\x0b\x22\xe8\xfd\x9b\xb6\x87\x91\xc5\x60\xa9\xe2\x81\xcc"
	"\xa0\x26\x0e\x21\x76\x73\xf6\xba\xfd\xb1\x7b\x79\xfb\x73\x5a\x71"
	"\x69\xe9\x86\x84\x6b\x88\x8e\xa1\xad\xe7\xde\x69\xcb\x35\xab\xe0"
	"\xaf\xf7\x03\x08\x2a\x7d\x47\xb6\x7b\xd9\x41\x41\x90\xdd\x7f\x9b"
	"\xae\x7c\x4e\xff\xcc\xbc\x33\x0d\xbc\x33\x9e\xc5\xa2\xf2\xef\x95"
	"\x88\x4a\x2f\x82\x7d\xc5\x3c\x18\x61\x1b\x18\xe1\x39\x98\xc7\xb8"
	"\xac\xb9\x21\x8e\x9c\x7a\xa5\xf2\xdf\x41\x4d\x6c\x97\x35\xa5\x59"
	"\x33\xbc\xf5\xf6\xfe\x12\xf9\x08\x52\x91\xdb\x17\x3c\xb0\xd9\xf4"
	"\x15\x9a\x93\xc3\xdf\x5f\xc7\xfd\x08\x54\xc4\x68\x7f\x18\x3d\x6f"
	"\x7f\xfc\x52\x69\x9a\x8e\x30\xa4\x59\x39\x25\xd0\x1d\xf2\xc4\xa7"
	"\xb3\x28\x45\x89\xbe\xa8\x3c\xf7\x26\xbc\x5c\x38\xb0\x99\x03\x8e"
	"\xff\x23\xf8\x32\x51\xa2\x2f\x5a\x39\x5e\x9b\x9e\x86\x0a\xf6\x71"
	"\x0c\xde\xd0\xc9\x91\x44\xd4\xe8\xef\xca\x12\x91\x06\x0b\x02\xe9"
	"\x5a\x38\xc5\xd4\x3b\x6a\xba\x20\xa2\xb5\x15\x97\x25\x29\xb6\xdd"
	"\x75\xdc\x13\x26\x10\x4a\x9f\x20\xdd\xc1\x6e\xf2\x6e\x83\x3d\xae"
	"\x89\xba\x57\xf0\x9a\xbf\x9d\x8f\x27\x57\x79\x93\x79\x8c\x65\x93"
	"\xe1\x44\x6c\x24\xa5\xfa\x4b\x8f\x05\x0c\x82\xcf\x0d\x6b\x98\xd7"
	"\xa2\xfa\x93\x22\x4d\xe6\x9a\x43\xb7\x19\x35\xf5\x42\xda\x61\xc8"
	"\x4f\x09\x07\x79\xc7\x15\x5c\xa1\x28\x68\x48\xec\xb7\xe3\x33\xd4"
	"\x51\x78\xda\x1c\xb7\x5f\x47\xec\xe5\x09\x3e\x2d\xa9\x94\x46\xbf"
	"\x77\xc7\xe7\x51\xf4\xfa\xba\x7f\xda\x29\x56\xba\x39\x6e\xbc\x4f"
	"\x2c\x49\x72\x7f\x3e\x11\x5a\xb2\x00\xd4\x94\xc9\x79\x59\x64\xeb"
	"\xf1\xc5\xf9\xcc\x13\x10\xec\x33\xbf\xf7\xa8\x4c\xfe\x48\x2a\xaa"
	"\x7b\x33\xd8\x58\x15\x21\x03\xa8\xc0\x57\x7f\x28\x71\xe2\x77\x5b"
	"\x57\x08\x4d\x20\xfd\xc4\xc8\x24\x66\x6e\xfe\x8d\xff\xc6\xe3\x84"
	"\x9e\xe3\x95\xeb\xac\x32\x1f\x18\x5b\x43\xc9\xfa\x50\xb3\x11\xc4"
	"\x4c\xd5\x8d\x9f\x9b\xbe\xd8\xbc\x3e\x53\xcf\x2e\xb7\x75\x5f\xb5"
	"\x60\xc4\x95\x9e\xa6\x61\xa7\xf7\x39\x52\x30\x2e\xdd\x7d\xdf\xbe"
	"\x1e\xfd\xce\xaa\xe4\x62\x82\xcc\x35\x90\x91\xa6\x25\xbd\x1e\x9f"
	"\xa7\x7c\x4e\xcf\xd5\x2d\xaa\x1a\xad\xb5\xe2\x7d\x19\xe9\x34\xf0"
	"\xd5\xa7\xe8\x4f\xb8\x5c\x4b\xe0\x1c\x23\x42\x2e\x8d\x56\xcb\xd3"
	"\x31\x51\xee\xc8\x92\x20\x62\xcd\x4f\x12\x93\xd9\xe5\x3b\x12\x17"
	"\x6e\xa1\xb0\xc1\xd7\xb0\x88\xc6\xfe\x27\x22\x3f\xa0\xd9\x25\x46"
	"\x9e\x8d\xb1\x89\x97\x8c\x8b\xd0\x20\xea\xdb\x6a\x7c\x3d\x09\x49"
	"\x3c\x94\xb3\xb1\x5f\x80\x25\xd9\xfd\x7a\x76\xf0\x20\xfa\xad\x12"
	"\x5b\xf1\x92\xda\xd6\x3c\xb8\xe0\x97\x4d\xcc\x45\x40\xcb\x55\xc9"
	"\x14\xd9\x67\x8b\x87\x39\x47\x56\x8d\x61\x9c\x00\x63\xbd\x05\x19"
	"\xe5\x2c\xcb\x78\x14\x1a\x13\xe0\x36\xcd\xde\x13\xb8\xa4\xc7\x9c"
	"\xa2\x73\x31\xf7\xf6\x08\x4f\x3f\x2c\xa2\xc7\x28\x0d\x49\x88\x28"
	"\x13\x51\x68\xed\x18\x55\x8b\xad\x08\xc6\xc2\x6d\xb3\xaa\x94\x87"
	"\xea\xe0\xa2\x61\x11\xdd\xb5\x3c\xf5\xa2\xef\xa4\xa3\x0f\x30\x7c"
	"\x21\x66\x12\x2a\xf2\x38\x16\x70\x3f\x7f\x73\xb8\xf9\xf3\x5a\xd2"
	"\xb0\x01\xc3\x41\x5d\x4d\x27\xf4\xa0\x34\xa8\x80\xa7\xdb\x1f\xa7"
	"\x8b\x80\xf6\xee\x40\x07\xb4\x57\x7c\xf3\xf2\x75\xff\x73\xb4\x7c"
	"\xfb\xf9\x65\x7b\x30\x15\x30\x07\x55\x2f\xfb\xa5\x2c\x78\x9b\x94"
	"\x15\x8a\x37\x66\x1e\xad\x82\x34\x53\xb6\x6c\xbc\x87\x53\x9c\x4e"
	"\x6b\x7b\x76\x95\xe2\x51\x5e\x57\x5b\x28\xa9\xab\x70\xe7\x5e\xbf"
	"\x9f\x38\xc0\x66\x31\xb8\x74\x76\x3d\x04\x96\x91\xa5\x6e\x0d\xde"
	"\xeb\xbf\x17\x14\x9d\x81\xf9\x4f\xc2\x15\x11\x60\x32\x94\x03\x53"
	"\x9c\x7e\x32\x75\xee\x1d\x86\xd3\x1a\xde\x03\xe6\x92\x14\xeb\x3c"
	"\x67\xe0\x3b\x52\xc7\x39\x80\xad\xb4\x82\x33\x4f\xcc\xb2\x89\xb3"
	"\x4e\x46\x34\xb1\x2b\xb6\x9a\x9d\x5f\xb7\x09\x03\xc7\x88\x02\xcf"
	"\x05\xe4\x48\x61\x5b\xb0\xe5\x5d\x22\x3e\xf6\xa1\xc7\x3d\xf7\xe4"
	"\x8a\x53\x7c\xed\x50\x66\x04\x1c\x97\xce\x9a\x2e\x99\x46\x9c\x50"
	"\x98\xe0\xd0\xd9\xc0\xe9\xab\x57\x23\x14\x9a\xfc\xa6\x6c\xb9\xd7"
	"\xd1\x37\xa8\x9e\xb2\xfb\xfe\xa2\x4b\x17\xa9\xa0\x64\x7d\xa9\x73"
	"\x4a\xc0\xab\x59\xde\xd6\x15\xe4\xab\xa5\xc6\x15\xe8\x24\xda\x0e"
	"\xf8\xe2\xe6\xec\xcc\x49\xe0\x03\xbe\x2e\xf9\x60\x4d\x02\x75\xde"
	"\x2f\x96\x69\x54\xad\x87\xfd\xe1\xd2\xba\xe9\x38\x93\xc7\x5d\x75"
	"\xe9\x84\x08\x3b\xae\xd4\xfe\x78\x88\x6d\x99\x5a\x06\xdf\x21\xe5"
	"\x06\xa7\xd9\xe1\xcd\xd8\x74\xc3\xd0\x2e\x6c\xee\xb0\x0f\x65\xdb"
	"\xf4\x02\xc1\x2d\x05\x0c\x28\x54\xd2\xdf\x51\xcd\x13\x11\x1c\x7c"
	"\x28\x36\x1b\x2c\xf7\x7f\xe8\x02\x24\xe5\x91\x36\xd8\xd8\x92\x15"
	"\x4b\x10\x0a\x3e\x5b\xb7\x29\x29\xe1\xa0\x31\xd0\x37\x1b\x63\x26"
	"\x41\xcc\x97\xb0\x86\xf4\x05\x98\x51\xd0\xd9\xee\xcb\x61\x73\xf8"
	"\x3b\x3a\xec\xdf\x8e\xbb\x17\xdb\x3c\x8e\x79\x0d\x60\x7e\x95\x60"
	"\x58\x2c\x29\xc6\xd5\x9e\x6a\x3b\xd4\xd9\xe4\x5e\x88\xba\x5a\x26"
	"\xe5\xba\x9d\x57\x45\x6e\x20\x4f\x10\x91\x8c\x2d\x09\xee\x92\x01"
	"\x3c\x04\xb7\x53\x3b\xfb\x1a\x51\x09\x6f\x79\xa1\x41\xcf\x06\x2c"
	"\xfb\xba\x58\x8d\x1a\x80\x43\x92\xbc\x5c\x25\x0b\x1d\x0e\x57\xb1"
	"\xb9\xbd\x10\x12\xf9\x66\xa5\x3e\x77\x48\xe3\x4b\xf7\x05\x26\xad"
	"\x6f\x91\x3b\x6c\x5e\x37\x2d\x7e\x7e\xf4\x6c\x7c\x58\xb3\x81\x30"
	"\xbb\x4e\x40\x6a\x50\x16\xaf\xaf\x90\x9f\x6a\xce\x94\x1a\x0a\x88"
	"\x44\xd5\x03\xa5\x56\xb4\x44\xcc\x29\x9b\x25\x21\x1b\xfe\x88\xb9"
	"\xdd\x79\xec\x1f\x6e\x92\x2b\x4b\xdf\xaf\xdc\x93\x4a\xd4\xa4\xbc"
	"\xf6\xe3\x8d\x35\x59\xbd\x2d\x7d\xfb\x42\x89\x78\x5c\xab\x7a\x15"
	"\xdc\x47\x85\xe7\x56\xe5\x7a\xcb\x2d\xcf\xb5\x94\x14\xd5\xb3\x9f"
	"\xec\xbc\x6f\x97\x9a\x32\x8c\x3e\x6d\x71\x2a\x26\x0d\xc6\x52\x4b"
	"\x90\x1d\xf9\x13\x58\xd7\x23\x30\x70\x1c\x2f\xc5\x6a\xe3\xe4\x13"
	"\xea\xac\x35\xad\xb5\xb7\x4e\xf6\xb5\xc5\x70\x40\xa4\xcc\x57\x84"
	"\xdc\x8d\x54\x0c\x02\x88\x8b\xac\xc8\xed\xb4\x28\x9b\x0a\x77\x5c"
	"\x57\x04\x4b\x76\x68\xb1\xe0\xce\x50\x30\x78\xe1\x18\xad\xbd\xcb"
	"\x4b\x94\x1e\xe7\x28\x79\x2e\x72\xdb\x12\x11\x45\xc2\xa5\x56\x52"
	"\x5a\xab\x8a\xd6\xb6\x26\x13\xa0\x35\x58\xee\x92\xd2\xdc\x71\xcc"
	"\x89\xdb\x2c\x10\xc8\x07\x01\x21\xcb\xa2\x28\x5b\x0a\xc9\x17\x04"
	"\x20\xfc\x9f\x40\xc9\x52\x19\x6f\x8e\xe2\x4a\x3f\xdb\xca\x33\x2b"
	"\x1c\xcf\x0a\xfc\x1f\x5a\xd2\xcb\xcc\x4d\xd1\x4f\xb2\x47\x80\x95"
	"\x75\xf4\x46\x51\x51\xd5\x15\x52\xe2\x8a\x17\x22\xce\xca\x22\xc3"
	"\x90\x5f\xf2\x92\xcb\xef\xc5\x5a\xe3\x3c\x9e\xdb\xa5\x9b\xa0\x32"
	"\x9b\x86\x6e\xad\x6c\xb0\xb5\x62\x59\x23\x51\x71\x40\xbd\xfa\x33"
	"\xbe\x1c\x90\x00\x32\x4a\x3e\xb3\x4e\xd5\xb3\xde\x8b\x9f\xbb\x75"
	"\x62\x95\x45\x91\x0d\x14\xbf\x4a\x2f\x50\x28\xdc\xdc\x5a\xb0\x42"
	"\x07\x7b\xb8\x75\xde\x54\x9c\x09\x36\xcd\xff\x03\xe1\xe8\xc6\xa9"
	"\x92\x9b\x02\x00"
MAGIC_END;
